killC_1.csv,killC_10.csv,killC_11.csv,killC_12.csv,killC_13.csv,killC_14.csv,killC_15.csv,killC_16.csv,killC_17.csv,killC_18.csv,killC_19.csv,killC_2.csv,killC_20.csv,killC_21.csv,killC_22.csv,killC_23.csv,killC_24.csv,killC_25.csv,killC_26.csv,killC_27.csv,killC_28.csv,killC_29.csv,killC_3.csv,killC_30.csv,killC_31.csv,killC_32.csv,killC_33.csv,killC_34.csv,killC_35.csv,killC_36.csv,killC_37.csv,killC_38.csv,killC_39.csv,killC_4.csv,killC_40.csv,killC_5.csv,killC_6.csv,killC_7.csv,killC_8.csv,killC_9.csv
3705,3107,2970,325,167,1305,3022,98,1436,1871,3602,363,129,2322,962,1569,255,3098,707,759,3274,1332,2476,3826,1662,134,3008,1143,1478,707,3178,67,3043,1280,3468,3059,1119,3290,1329,3405
2402,2040,935,1522,1864,568,861,1731,1829,2073,362,1509,2140,2815,955,3076,507,5,2228,1175,939,1910,227,2953,2643,849,914,2812,1480,3629,622,1765,592,1511,1685,1037,1425,1050,1033,970
1501,3727,1911,187,2846,3280,3688,3095,1260,1841,2886,1576,2792,293,1619,840,1468,1948,1550,1837,2369,440,1952,3375,3336,2990,2595,2253,1120,1670,3635,1956,3032,1361,2699,3686,686,3232,3707,520
434,881,3023,1898,2009,210,288,1777,1474,624,3768,562,1027,3476,509,1290,144,420,3632,3828,3663,256,2869,1053,3781,3067,3730,180,3442,3206,873,1114,321,1002,1994,1130,2081,490,1104,2366
3085,2986,3206,980,139,1208,2590,1309,1308,1238,1143,261,1074,1862,1588,408,2603,2000,1943,2646,824,1227,780,2051,3422,2864,2699,382,1023,939,3396,153,2060,1403,1240,2825,2165,817,468,1030
550,1044,3396,2769,81,1651,2146,2796,1272,310,352,1262,1342,3248,1336,1176,3683,2346,3248,2078,3164,835,879,223,1006,1321,812,2083,2340,3473,3634,1391,231,1985,2301,2591,2470,2299,1528,1250
1325,1304,975,1141,1680,3283,1449,2091,1951,484,2774,3851,3660,1517,1349,3193,3870,1798,1424,2434,262,1128,3850,1432,2532,123,755,3079,156,322,2610,929,1808,533,1111,2722,584,629,443,2276
2577,398,2168,2508,2526,1213,3376,311,1173,416,297,727,1339,3360,2746,2959,755,590,8,2784,1614,899,1096,749,90,2281,1444,820,2198,2435,2583,562,1787,3515,2779,461,2880,1685,1738,3795
3471,3151,2448,1032,938,3377,1543,2983,3187,1656,488,609,3166,1567,180,210,2733,1723,1433,179,1034,3150,2060,1925,1593,1293,2084,2224,1751,2142,3349,2911,2310,1621,1358,2565,3148,1707,1948,2737
2101,882,1324,3017,3150,1447,1910,1831,1722,3443,3572,2751,2861,1946,2416,2595,2362,1492,3497,1497,2276,3419,1308,845,1454,2929,434,1694,465,1762,2930,1683,1196,1174,958,2889,406,3423,2457,3350
1856,3726,2863,3855,1514,1476,2167,2685,1346,200,2703,616,3052,2162,453,1501,761,2534,3440,1303,2926,2101,1128,2619,3438,940,2598,321,920,3675,3761,280,3447,3850,245,203,1242,834,2245,1632
2724,311,1462,1827,3451,3273,3802,1030,445,718,96,1017,2392,2194,2411,3576,2758,3572,1306,1703,2660,133,1190,323,2117,1048,1695,3774,530,2898,780,3505,2928,3027,63,3734,1886,2516,3713,2375
1582,853,146,824,3423,631,1972,1372,3653,750,219,3467,1482,649,2246,1952,3271,2414,782,851,57,2339,928,3571,2144,3387,735,894,1236,2126,384,441,1737,2768,3833,2451,398,908,1311,3583
3859,2210,74,1694,227,642,138,2398,1379,566,1547,613,3235,3298,1424,526,83,2255,1484,2,1701,246,3514,1835,2258,3790,136,375,2824,2909,1567,1974,2133,1010,3254,1241,1168,1998,1654,2890
3822,1490,2832,3103,2176,1595,3097,247,355,2771,1438,690,2509,2108,1751,3535,2003,1489,1100,768,1460,503,428,2862,3046,1189,3681,1946,111,2158,428,3313,3522,47,1177,3654,3367,2564,1888,1876
2685,3560,998,2163,3468,3367,816,2557,1101,2089,1229,3864,3516,265,2944,3545,1322,1885,2255,3744,785,2256,869,3396,2738,2855,175,1156,2362,1704,2644,3564,3490,2222,3442,2184,200,829,2515,2513
332,2099,1519,217,2971,1705,2440,3482,1157,638,3461,2968,2256,308,2784,1214,1529,2258,628,2528,2368,244,3368,2308,469,2919,3887,1136,3542,2524,2097,1228,185,201,2277,1330,1184,2548,1121,944
345,38,3260,1059,3739,760,255,2335,3806,2787,3724,2698,572,1616,3582,749,518,3899,982,2274,2691,3070,3537,3394,2557,2258,1259,3832,1426,2007,2957,2467,40,3709,1893,1272,177,2086,1595,2985
991,3359,3115,1740,2921,563,1797,3105,2286,3845,1523,2435,2703,1833,1374,1924,3584,638,2467,1164,298,3901,1795,3592,154,1499,3250,862,1947,3003,1125,331,2498,1788,2941,547,1819,1361,1490,569
3552,2171,3276,2181,2998,1530,3045,1877,2742,1971,87,2304,1626,1290,1846,2360,1455,1699,491,3095,3268,3775,988,2584,2197,1802,2979,1165,324,3314,3824,2560,1084,2260,2393,308,687,3563,1925,3832
3384,2640,3510,1858,1570,3475,3343,1488,2346,2159,376,2285,1790,3709,120,2025,2456,1649,1945,2558,3273,95,3482,2059,1261,1938,3658,3241,1845,266,1853,2060,732,438,371,3246,1594,1026,1366,237
3390,1368,1315,2877,1566,442,1664,2722,2715,1883,226,520,1724,2703,1076,3292,270,1807,2559,550,3837,3684,131,1028,3698,2817,11,1280,818,3517,105,2544,1461,2140,826,3851,2497,2643,478,2814
584,401,2918,1707,454,130,1944,545,3377,74,3760,2140,3669,612,1106,819,2274,2801,282,926,3026,1774,1860,1240,499,997,327,1914,2288,621,3003,2503,2514,3615,2184,3017,3888,1262,1965,3591
1277,946,2489,2434,727,635,2615,3302,3674,2846,2398,2273,2312,2235,3138,1561,1653,515,2889,38,1694,1117,1453,1132,2669,3189,377,1308,3272,2241,1495,685,2554,2564,1366,2206,1682,1555,1744,3191
1097,3888,2062,2211,3033,436,1121,828,3740,1732,116,3257,2733,1004,640,820,3596,3735,3089,1904,1136,2324,3048,2827,2170,1858,3835,2560,2203,2557,1896,386,1194,490,2161,710,1574,748,2303,3882
947,1240,3393,1948,1539,2585,1083,3071,1350,3640,1340,3634,2839,2073,3462,3355,2721,3324,3685,2603,2661,2984,661,1544,3524,1229,3163,3787,3806,3653,42,1448,3804,1050,2068,3789,2171,3464,1564,3494
3844,3009,899,2203,3108,3811,1263,3768,379,3484,3458,3302,2621,1516,2946,249,72,1086,2286,3577,3543,3551,670,3463,2664,1704,3666,1198,3664,3104,1108,2895,3187,3582,373,337,3674,759,1165,3332
1794,1229,2065,3713,2864,2146,2777,2432,3146,2976,1937,3610,433,273,1649,912,3741,2571,834,2365,2769,1773,1104,656,3069,2181,2178,1886,2903,2365,1894,1398,3026,1128,477,3473,429,3150,755,2970
2670,2629,291,3816,1583,791,3422,1622,1188,1984,1420,782,3679,3339,3390,773,3127,2845,2953,1259,670,3655,3332,3646,597,1284,3113,444,2018,3570,402,2829,2246,3189,1265,3008,1598,1152,2023,1733
1117,2590,1847,1091,174,2458,741,2867,585,3577,1095,1225,2620,3507,284,3727,1280,2262,3546,1810,2336,379,3376,1399,1021,3897,2997,3174,2930,2995,1299,3022,2771,2637,307,466,2214,2986,3284,1819
1570,578,1537,3315,3085,2101,1438,2331,1525,1944,2827,1837,1971,3432,2397,3361,1837,265,2403,2979,2211,2847,3520,1113,1598,446,1658,1095,2470,238,1948,1284,3470,1301,1852,186,2637,1602,2965,1555
1382,2293,1734,1786,3654,2353,779,2187,2052,1990,1094,758,657,1635,143,1625,838,233,3697,3742,2343,1844,2838,1069,3706,3649,47,1741,941,2630,2622,3563,1782,3701,2396,1970,714,826,3136,244
1940,1059,740,1046,613,3339,878,165,773,3161,3089,3523,2214,3688,450,1014,2674,416,3544,2942,2880,1687,3215,401,489,2389,3851,662,1315,2047,1785,1322,1086,100,2664,2148,728,2107,1285,576
2135,1624,2942,875,1791,3826,876,3234,966,1110,340,1978,739,2700,1700,2245,891,161,2176,891,1146,715,1636,889,2889,1348,3759,1426,463,2485,1489,356,2616,3688,1475,745,3694,2278,704,158
3893,2208,3316,2727,922,3405,2269,303,2935,2218,1084,1707,2908,1892,3752,1777,617,1064,3018,3845,3450,2517,1730,2741,354,1392,1591,1235,3050,2267,1649,11,127,1197,2505,3180,3409,3680,3493,3835
3463,2444,2066,1934,1166,3248,1232,114,858,1568,17,3010,568,3079,2166,1157,2368,630,774,3434,2726,1160,566,2685,1042,95,1545,1427,1515,2975,778,2702,1775,1984,977,354,1971,1652,15,3850
694,3320,617,2302,3485,33,1530,2122,787,157,910,504,3001,3805,584,1840,2063,207,2475,1040,1646,2805,3639,3433,1537,3262,2645,3015,1015,1371,1607,2754,3103,673,3538,920,279,2850,2334,1525
2310,2108,954,3470,2530,2241,2210,742,534,3504,3334,1786,750,1456,2089,2097,3859,3340,630,1426,1134,2968,2354,3236,3088,2010,3209,312,1560,1745,1788,1778,2698,2022,636,1776,481,3016,626,3558
3045,2390,21,3880,2350,3232,1118,3895,753,2384,2231,2032,459,994,1093,3706,1521,250,1268,1779,1336,2565,986,1356,1286,1840,2000,965,2559,803,3257,2171,304,58,2638,410,1295,262,2099,1267
3344,1656,558,3647,3579,412,264,2310,1567,108,3043,1975,3891,2219,321,3596,2578,82,2678,1013,169,3793,696,832,2300,3721,574,3346,1815,2908,1100,3873,2266,382,1943,1172,2871,3010,2986,1917
660,1104,2777,2763,1705,1627,2992,425,3716,3086,3676,2850,2511,2149,765,2921,508,2675,2177,2068,1620,3886,856,2722,2367,3599,1399,3620,2191,2198,1128,2837,2401,2942,857,2991,1592,3640,2716,1688
2457,1126,1989,349,1161,1003,3333,19,1874,2206,562,125,1933,1127,2242,3619,3203,3550,193,2778,3025,3201,1206,2669,580,1384,2496,2974,3505,3345,2866,54,1706,3104,2263,2556,1861,2042,1314,1908
3475,1665,1495,2800,296,1563,1111,3458,349,342,2486,2441,2812,3245,1878,3594,2410,1024,2278,2494,1748,1350,1357,2671,3720,62,2101,582,2865,3397,288,3262,1562,3708,536,2583,833,257,2935,1529
3904,3848,1860,2578,490,2086,3512,441,975,2874,3496,84,1180,3732,1029,596,2426,1603,3092,2589,3406,148,1689,1946,989,1753,729,575,3850,2539,3723,1476,623,1800,3722,3783,3270,26,2151,1872
2399,514,2306,1104,1278,15,1022,428,1880,861,2531,3698,2943,2633,3602,1603,2148,2586,2840,2423,267,1928,3168,2958,2702,400,3482,3624,2718,2176,732,1383,1820,2282,898,992,1509,2108,1136,932
2106,1805,1155,2764,753,437,1934,3557,298,809,2978,246,156,3266,2810,1117,1377,2472,2155,2668,3836,3768,3669,3150,1652,297,1333,1328,2654,1151,1776,3759,1693,1038,2645,2513,637,3833,1354,3650
1577,2977,3249,3869,3526,139,3580,2599,295,3000,3421,537,465,3846,1688,2396,708,1898,492,2579,2320,2277,1398,2855,2683,2838,1016,1821,38,2794,975,1820,1670,1628,3241,3587,1348,7,2731,2389
1632,2643,3388,1499,2881,3790,2260,1391,3139,1738,1276,3383,2782,606,1646,278,2451,2749,3753,2982,2121,891,745,1495,3850,2653,747,3633,2834,938,2321,3511,503,2024,1580,1145,3072,1763,2866,1543
3645,2047,2978,1902,3154,1376,2190,233,2116,2363,2041,721,97,3086,3529,2625,3782,2928,2782,476,2827,1406,2745,952,2456,507,1026,1017,518,1591,1947,1221,2633,855,1312,3254,2694,1521,1958,2982
1326,2249,775,3511,2579,94,898,158,2462,2401,2137,228,131,2804,1556,973,2781,2681,1847,2805,3724,723,1941,2638,2920,2365,1072,3527,2765,2504,1890,1303,1426,3210,1530,2731,1214,2177,2554,936
3251,3201,509,1137,2096,310,2096,2197,2131,2614,2562,2864,3449,236,3627,3321,605,2600,118,3816,3568,2023,526,2142,2995,1863,3080,3330,2615,733,3707,3163,85,2901,2686,1113,2616,2971,3386,3501
821,167,87,893,3038,3427,2673,1788,1300,3323,874,136,401,2206,1615,970,3693,3796,27,1466,2832,2388,962,698,2174,2457,684,3196,1344,926,752,2606,3074,3732,1319,183,1433,3782,3046,1403
2251,983,2455,3290,1179,1848,3465,1129,3841,67,2320,991,1311,1700,2903,3621,1417,3538,51,906,2992,956,2348,2788,3292,3278,3417,3081,1242,2170,2645,3115,722,3127,1892,3096,3672,353,3034,2540
923,405,1985,2200,2214,3620,1297,397,2941,3115,2325,244,2092,1602,2259,2852,1059,594,3036,88,3868,635,184,2497,1542,219,1025,3619,2511,289,1538,310,115,2281,372,3891,896,1364,3818,3587
3266,2484,3057,3668,1147,1600,769,73,3701,143,3209,1046,3691,2223,496,49,633,2496,766,478,108,2336,1857,3550,930,1632,154,2174,2482,1318,2773,2317,1386,1671,1861,2081,83,2978,3324,356
2416,2824,1766,1512,1900,1374,1894,1126,1214,2022,149,377,3247,597,489,3793,3160,2306,2344,1331,2735,3102,3571,3768,1983,1859,2855,1845,3733,1838,339,3396,2840,1460,551,2281,2293,1271,2774,1924
3286,3842,905,2368,3653,1596,2803,1163,3830,425,3646,2798,2104,1998,1721,2891,1331,3651,2912,2516,2477,2551,1160,3644,2942,1215,115,205,44,2281,2221,3253,2315,20,1228,736,2796,3424,3887,2371
2802,2654,1101,3883,2287,1714,3708,477,2512,2377,2028,3054,2986,1519,3649,1118,1745,966,2835,2578,1144,3491,2984,2124,741,1889,307,1293,1157,2676,2831,1726,1609,2262,3393,2355,396,3510,292,3324
3538,235,2421,1540,1459,1151,2889,3149,3493,821,1874,462,1271,2471,90,3739,2449,2836,3160,1393,2201,3218,2448,725,2415,2043,2004,2290,2200,3124,2286,3441,508,1804,2934,971,801,2953,1110,160
2909,3651,932,161,1755,1523,1931,725,2657,3693,3440,1274,1255,3345,617,874,1924,2180,1145,811,256,41,1293,939,518,2551,2710,990,2563,3876,1849,2455,3514,1257,1210,146,2062,693,3556,2280
603,1431,2021,1609,1875,3589,2993,3205,918,1783,1244,2958,2895,1022,1282,1146,1511,812,2664,1411,2140,1957,775,2422,3101,2760,2309,2206,750,1107,3191,3510,2008,159,892,3340,91,2909,2586,1080
1651,3097,972,1617,3816,2926,1955,1647,877,2387,607,3347,1531,2770,222,1664,2956,681,215,1815,1385,3095,2301,114,711,3143,549,2442,3291,2636,1317,1542,1083,2355,3292,3445,1084,2190,1713,3323
1348,3398,3730,260,3161,1006,1018,2769,636,223,543,1606,201,436,360,2769,2515,1366,1208,2502,317,3297,3465,732,3647,1539,3384,2339,97,2830,3308,3638,320,2192,2178,2095,518,1386,23,1131
1623,919,2819,2106,1335,574,2090,2030,2104,101,1425,3637,588,884,176,3376,670,657,1589,3560,1524,3710,3743,805,159,1205,2591,3107,2131,2940,650,1681,3244,596,3206,1692,1117,155,3468,1820
578,1683,3106,1719,3116,2808,109,850,1712,1379,1090,1737,3335,1934,1830,1565,1843,459,3860,702,283,205,2624,915,1088,150,3493,749,3792,95,562,3161,1671,2152,2961,2754,181,1077,3135,713
2108,454,3484,701,298,821,2074,466,2068,2284,831,367,3076,2727,2318,1435,586,1921,1142,2641,3862,345,275,1710,1231,1045,3295,2112,289,1062,1153,3264,2149,950,419,1798,3901,2804,3866,3810
2797,718,798,3642,3749,3902,1310,2778,2548,1916,3171,3594,1348,3289,2861,243,2,1625,3485,1997,35,2251,2026,3196,599,3584,853,1295,1104,2237,684,1624,1337,2084,139,3156,595,562,639,1044
1974,3426,1498,3000,2713,3314,2471,328,3853,1024,1590,3091,661,2834,2889,1717,2948,3715,2548,945,246,1363,3559,383,173,216,656,2301,1130,2258,3450,910,366,3525,2740,1787,654,287,3469,3358
3388,1341,2691,1583,1194,704,243,587,2521,2295,747,3581,3093,3656,1651,2406,851,2766,1092,2442,821,805,1090,2791,2260,461,526,698,2646,3243,1576,469,3093,3839,950,3415,3219,2677,801,3200
1901,2284,3374,115,1042,2025,3409,2935,3635,3494,1607,3729,972,2359,1951,1797,2990,3178,2838,1628,2364,1457,789,351,1677,3058,842,2135,3197,1721,2108,2210,977,3592,1966,1143,3640,403,3826,3217
3025,3473,1081,498,1390,3717,1330,2203,1029,1862,1565,2706,2547,1493,926,142,1937,3221,1998,1464,119,1213,3015,2768,1533,1956,475,3220,649,3669,2261,3790,1429,1240,2376,1334,379,1432,1016,2530
1200,160,2990,346,3728,2320,1370,1272,590,520,623,567,3743,3641,3297,589,1138,2786,844,1345,3739,1103,2403,740,815,2794,1722,454,2662,1115,788,810,546,2079,3336,3201,3200,2507,1056,1797
2195,992,3747,2912,1646,327,2582,6,814,778,3551,888,1007,3848,1739,2749,1545,1283,3246,1755,1018,2990,2136,1521,3582,265,3409,658,1495,3523,1222,3080,305,52,2607,3788,1676,1974,3547,2096
1970,2263,3612,1190,1913,3104,2834,343,3711,3305,2874,1031,1051,1677,2314,3485,524,883,433,902,1450,2146,219,3705,185,737,894,147,2889,2808,3642,1013,2000,2576,672,1465,2042,2474,1197,2745
2553,250,3228,2371,882,447,2537,2325,363,1584,3726,1889,1253,3574,2999,1122,1911,3498,1656,2311,365,3555,1437,2932,313,708,624,3586,2328,1881,1022,3478,3008,317,124,2174,1977,3443,3127,3711
3749,694,346,3689,1880,3374,424,3495,3524,56,2243,154,725,54,3192,1379,2605,3108,2182,577,870,996,1591,3898,2629,1843,1683,707,1931,3304,1457,3581,2942,2061,2390,2741,2228,3393,908,3230
2090,2692,1674,765,3177,829,1278,3257,3784,3363,1108,1619,213,1668,3489,642,1812,1831,245,2453,3555,3607,2142,1080,3072,807,2055,2468,1899,2981,1672,2356,2452,3152,1899,317,2294,973,3471,2471
1505,2140,2630,3142,894,2231,169,2409,1038,1241,1332,3423,3212,747,908,2910,3676,2047,2702,1478,808,1536,752,2383,2208,1821,1269,3770,3031,624,2986,3117,3579,2811,1306,2755,3342,1460,2892,1226
3733,166,341,3483,985,1363,832,390,844,2494,2254,1595,1916,2236,3766,3823,53,1377,579,63,2373,1501,2009,3274,3721,2030,3093,2624,91,2249,908,1288,1551,2495,1855,1958,3436,2951,2441,2316
3236,2010,3409,1746,787,2861,945,1265,571,3460,833,1685,700,794,1239,290,2999,612,241,2630,3829,3138,3219,3686,893,2400,2839,2159,945,1883,1417,1804,3771,2393,256,3036,850,3620,2276,198
3715,2762,102,850,2419,338,2773,1952,1023,3407,1902,383,3060,3014,221,427,739,68,1581,1384,1574,120,1389,1568,593,3264,1546,1631,3425,3674,3347,2848,1951,740,2734,2195,2084,32,46,396
412,1409,2372,1355,3192,3661,638,1781,2088,3499,2144,1577,2365,2093,2030,264,2521,3541,1192,232,3795,109,1550,1559,3317,3737,506,1634,680,3520,89,180,1025,1416,1068,2527,286,1277,647,2903
131,1248,2430,3119,701,3345,2212,2448,2958,852,3681,1920,2990,44,2134,666,488,2403,3069,1490,2524,2584,3477,1456,1591,3562,3127,713,1853,3036,3038,670,933,1122,3539,1974,2064,1300,2777,1883
188,3019,3456,1083,1933,3637,3404,1495,1930,2410,1415,272,942,462,1167,3111,1416,3523,3777,3718,2608,3295,1807,3308,1664,972,2452,194,3899,2853,436,1517,869,3333,2008,491,2122,1780,1613,3566
1,2938,613,1243,2284,3626,1533,3198,2057,1806,1140,1778,1755,2078,3183,926,2825,3388,247,2343,860,3601,720,2699,655,285,339,1321,2876,2978,3653,3317,1809,942,3108,3369,2800,2902,3248,3598
1178,23,1043,3604,1597,3815,3579,3492,1125,3519,168,2204,1418,1653,2390,2763,1471,2471,3654,379,2542,2286,3481,1827,2547,1987,3669,683,1757,790,3880,3202,1989,1218,2262,2756,2760,1658,1035,1558
2356,3152,288,134,626,2950,1198,2791,3065,3231,3348,1342,2710,2211,3184,457,839,3059,2340,429,3207,1764,3814,2141,3289,459,1412,2077,927,2134,3690,59,293,2307,2936,525,2429,1812,2531,25
2403,1233,1885,1756,4,3073,3601,855,1328,303,779,2399,2563,1576,285,1517,1276,1466,1503,3083,1674,2605,2833,44,474,383,3421,2816,2271,573,740,2538,327,3671,1550,2904,666,778,795,386
2769,305,3712,1179,1375,2634,1808,2565,3306,3472,3111,264,1160,1875,126,3383,1762,2442,2749,3599,2858,165,1855,328,3204,2973,3751,292,2501,784,2547,318,488,1974,3555,722,42,3707,2893,3634
2500,835,2100,665,3449,1691,3282,3225,3565,2142,3014,3053,649,2132,522,3236,51,3218,485,1996,2583,30,2988,1868,2171,3808,3398,3875,1878,513,251,1285,758,1768,1331,493,1167,831,2565,3468
96,2147,2369,1500,1622,2277,2742,2242,2726,2081,3799,2434,3833,329,1237,1251,3034,3159,1101,49,2597,3814,1681,2104,540,3131,1674,2198,731,3608,2867,2661,3851,2653,3063,1756,1046,2638,1310,3839
1098,3428,3288,3587,3680,1163,2502,538,947,1417,703,2163,995,1198,2013,3092,1342,3795,1910,270,1998,740,315,189,3098,910,1146,144,545,615,3227,3740,423,2899,2330,1026,3026,1318,944,3151
2435,591,3134,3596,1081,3599,22,915,97,421,698,2067,2498,224,460,826,3598,792,947,1154,2622,2380,2353,3757,3453,634,2984,534,713,2951,1249,2557,3723,2275,2468,3767,901,3079,34,3670
1244,761,1710,2519,2502,1908,3328,1595,3317,2000,1747,2165,3661,2049,3868,3662,3013,3105,3446,1823,299,2006,294,2764,1660,2792,1438,2113,758,1739,2504,3208,3549,1599,192,193,242,1161,3251,731
1218,1878,24,885,3721,2319,2984,2923,2041,3526,3659,1913,3106,3272,2396,344,1682,3901,3900,1484,3262,3849,2704,1650,2556,2486,3410,115,2213,1237,1304,453,2150,2760,116,1951,2579,216,2961,3056
1031,755,3655,535,3820,983,2308,650,1924,1803,2732,1733,1140,661,2008,185,2181,3233,852,217,705,563,621,3034,3111,3854,3304,3509,1155,3871,524,3449,1422,1432,119,3777,1271,2765,3829,3676
3785,891,1643,1428,90,3337,3164,740,1818,810,1299,1286,225,20,2076,1536,198,2481,439,664,2256,1445,3395,647,2880,2397,1529,1516,3713,335,2680,2550,3104,1073,2031,3559,644,996,1227,3297
3900,3038,3811,2878,3705,114,2058,2379,1460,630,2511,830,196,2248,1333,353,1315,3793,1469,175,1122,3727,3218,2318,2957,1727,3251,2550,3271,1907,1857,535,2166,3313,1969,2658,1173,2307,2724,187
265,1223,2605,3392,3777,2891,3871,533,3817,409,891,342,2907,645,1893,2645,2647,983,3652,2231,3046,2955,2196,312,2052,1403,3357,1415,1038,2783,2140,698,1460,3222,1596,1573,2937,44,1902,1360
2514,31,1256,2838,3377,1179,1948,3815,455,1283,2831,3814,599,2417,898,3426,2153,497,2770,3191,312,1482,1949,1075,2442,3556,2400,1909,2431,776,3182,3168,2386,3693,798,3843,1161,1955,395,2809
553,216,958,1781,899,552,3348,1366,1975,2664,3033,1602,3502,2227,2514,2951,3446,744,2905,3850,3213,1525,2159,3476,219,646,2751,2144,1186,1072,681,3393,324,835,50,1444,1453,502,2500,516
3098,1032,2123,2448,3303,3396,3691,1292,2975,3350,2920,2911,509,2702,1912,856,652,1147,3547,1231,2244,2307,648,2925,1728,899,1810,3807,2075,986,2163,1528,3231,1042,2634,2097,324,98,2577,752
2297,636,3061,2985,3648,1121,1421,2069,1088,68,1197,3525,3136,2531,3408,2123,1512,2161,1378,712,3644,1326,1763,3345,2834,904,3639,2424,2958,1158,843,526,3605,113,441,1939,3691,486,2854,3543
518,2921,2861,1584,3639,3089,2485,1560,744,2660,2110,1068,3550,2085,1707,2695,3791,1386,1022,531,2150,97,2070,1243,414,1429,2198,3661,2914,2450,1846,2483,1172,1324,1333,3461,2678,675,2719,1893
462,391,2516,92,267,2550,3585,3705,3904,2026,777,2724,2418,375,177,2849,1482,2364,1321,2223,709,3456,2357,3667,2939,2062,1196,2419,849,3154,2635,592,1008,3490,3783,1422,336,2192,2128,1967
825,964,2669,2253,3298,3003,2952,263,494,733,1015,263,1638,3877,859,2901,836,2065,2500,3301,816,1818,1474,613,3261,222,3770,277,845,3671,2388,3644,287,3897,3266,729,3271,448,2918,3253
304,2950,339,2085,3197,466,2771,2256,785,2648,342,1015,1741,607,1565,1173,3700,621,837,1933,2933,3198,2516,107,1431,1933,2765,554,3690,2596,1074,2938,983,3597,654,498,3319,2563,695,2431
3766,3179,3633,3319,565,369,2381,3289,1421,685,2136,2309,887,3075,516,2622,2096,2366,2969,3332,3361,1827,763,39,2248,3485,494,2382,3832,1239,1641,2486,2192,819,2158,2814,1802,1851,544,2832
2110,1730,2585,2082,3599,3299,2614,1809,1599,268,571,2141,3881,465,3089,3486,1278,2358,3568,3285,2333,273,270,692,1283,3389,2329,28,444,806,2362,233,56,209,556,2125,2603,3656,248,3414
1126,1840,1017,3313,1524,1902,2736,1854,2510,973,2338,2097,2578,2748,1790,530,3484,701,2766,468,789,2463,1968,3001,676,3618,1268,2767,684,1074,1661,401,347,1724,2560,3364,1697,1728,1010,774
2663,3629,566,990,2922,686,471,189,1230,2500,1723,1971,1082,3503,547,2303,1386,3684,3238,1149,2305,893,2213,1998,2934,2835,1895,2023,708,1579,22,3494,3380,2672,2524,2520,2671,1331,3085,3336
1315,3606,449,1481,633,988,3454,2538,1572,3074,2820,250,3185,1723,146,276,3654,2785,736,266,1362,2128,2966,747,145,541,1790,469,211,2188,205,1649,32,109,302,780,835,793,1570,571
3514,764,2641,2662,2594,3603,2172,1304,2297,3302,2612,2100,16,1092,1230,3001,3664,964,2964,717,869,3091,1808,3573,3163,2203,3582,2049,2949,3087,1284,2165,1708,1383,1102,2740,2355,1314,2855,2711
1381,789,1078,1591,3029,115,1136,2844,1526,641,1190,2984,1193,3564,698,2805,2073,197,3616,2952,271,729,3339,3521,1555,3265,2957,1104,1420,2004,2960,763,19,1747,2384,105,485,1365,381,865
3688,2148,3732,3385,917,3052,2875,340,935,141,1653,1421,65,2833,1505,3569,3761,64,1185,3417,335,3280,695,256,1526,709,535,3488,1721,3167,2154,2214,3813,1505,1266,1179,2524,3416,1778,1551
3118,3164,61,3826,3858,1251,3739,493,2875,1623,1802,3288,3646,97,842,1679,2102,2961,2573,2681,679,1846,544,3204,1529,1510,873,2606,2261,1369,3583,2144,2338,3766,1696,1378,732,657,3863,3398
7,661,2260,2891,3171,2219,900,1518,499,1779,19,3862,3432,1179,3266,3270,470,3011,3745,2969,3285,2173,3340,659,1737,767,595,3405,1999,1789,1217,245,3174,243,3739,2058,997,3836,3549,3753
344,3232,2378,2848,437,2363,1360,326,883,770,268,2735,240,3510,1496,3073,2665,1149,1007,2538,2780,489,1796,2039,1100,2937,699,1918,1459,8,419,2509,1170,318,1833,3635,3303,410,1183,1629
1339,2098,2571,1620,3768,1551,1722,2995,1523,1546,173,167,1551,532,2002,2437,3186,779,2636,1219,2190,2884,1563,1769,3178,3456,1668,1708,43,1280,1372,1290,598,3835,62,2744,1323,2453,2247,351
2777,1678,2794,1770,3492,306,1282,2194,2217,2643,36,2925,2751,2161,876,1964,447,12,538,2356,1427,2196,598,1707,2525,1443,3453,1180,3737,3802,2641,2423,1977,1085,2789,625,3516,1600,3841,3887
2146,861,3080,1242,377,1210,3755,3748,1004,2302,2825,387,2165,3734,2439,2214,1052,2781,2649,3199,917,3398,2890,133,460,2090,3204,624,45,3012,2926,2779,3626,2685,1731,2379,2157,3099,382,1748
928,237,3113,1785,949,932,937,198,1997,3008,3231,619,502,629,474,3599,2719,3569,3231,1563,3566,288,146,1055,3428,31,1417,2752,2648,2469,1593,2385,44,3566,2156,857,3528,2132,2326,2104
3000,3045,2903,284,509,3862,2594,3074,1756,247,3645,3608,2107,2354,3063,3821,3737,50,1494,3194,2830,270,3544,3042,3263,3705,1179,3095,2193,2884,176,1561,964,48,1608,988,1781,2038,2634,2596
2016,948,1957,2722,1529,1890,3586,1733,2480,1986,2491,15,180,1772,3421,3213,1131,2298,1130,3192,3660,1211,2147,1175,1319,3139,548,1671,1886,480,242,2795,694,214,1624,1314,2258,3167,159,3472
247,3700,2360,2625,1914,571,3215,348,147,786,3176,339,2324,2261,837,2964,2055,1087,747,3814,3188,1758,2038,1476,165,1711,1011,578,556,2590,2811,1442,2283,3404,2077,3345,3749,1452,3388,717
1833,575,2423,191,2654,2972,3646,34,1714,3596,3401,3109,1722,2257,2832,720,509,3445,2241,915,1432,116,3771,1453,2687,2649,3588,1370,2789,1134,3904,2668,9,801,3695,187,3466,1954,2729,2977
359,1936,2523,832,157,2671,2901,2207,520,3811,2081,571,3852,3142,503,656,2931,1624,3442,1771,2833,807,2590,3070,1053,771,2087,3568,2593,403,3441,432,3773,526,174,1413,1597,2263,2043,3626
3727,2470,1433,397,1249,3516,3803,3553,2620,811,1264,116,2671,2751,2387,3095,774,2533,3598,3489,2585,152,394,2901,3333,1820,2755,3319,3468,1390,3217,2066,1802,3006,1505,1622,2580,3036,2815,440
216,503,286,1160,2074,1130,2438,2723,3051,461,3592,1034,190,2179,1389,1074,2635,1479,2196,51,836,469,3124,1546,2380,2936,1292,361,2267,1185,3743,1375,1282,2483,2386,2629,2476,385,2268,915
3331,2720,3019,66,1408,311,3088,2363,1631,2893,1210,2015,1221,2032,1525,1104,1944,3507,1731,1375,790,2513,2383,1927,3615,3153,2251,755,766,3093,645,1970,203,2858,1932,1907,2516,1590,1565,267
2612,265,1815,1674,2910,1647,225,3771,2801,619,1376,3656,2804,1386,2658,2822,2590,3723,376,3156,858,1534,2644,93,1164,230,867,2947,182,3859,727,2977,2330,2946,3059,2700,1666,42,1598,1152
1217,1648,1915,2,388,3563,3050,443,3059,709,2946,3885,3521,1302,624,296,877,2640,2772,711,2812,404,3065,3177,3217,3452,3711,3054,2870,3649,134,2339,1868,2308,2287,1073,3855,2160,3379,1565
2485,3753,2031,109,1654,3674,1552,2609,1579,1038,1911,1496,1302,507,3337,1353,1912,117,2588,1744,1825,3479,3195,3641,1457,3838,2063,1904,82,1945,1357,2890,727,527,3585,2813,3266,2134,3870,3399
3249,1107,2589,789,3133,3434,2524,2246,3084,716,90,3605,844,2377,1028,304,3687,1869,398,1227,1906,1093,3711,988,1851,234,466,1011,1477,1487,1565,3129,2830,646,2743,2374,211,1414,3440,195
2120,598,1261,973,767,868,479,1534,2851,1448,2636,2011,1600,3151,1217,2441,568,1181,2501,2927,2787,2082,707,3624,269,2221,1457,2289,1940,2607,3632,3053,76,448,1930,1997,3205,3126,3326,1696
2137,3469,2016,2277,2564,1180,3261,1104,2453,788,1275,777,2236,373,3683,3715,2512,3005,2839,2720,3378,1263,2899,741,772,2154,81,2617,1283,2402,676,759,2158,3121,1671,2476,1565,250,1075,1904
3131,559,2166,3304,3339,1682,1366,377,1984,3863,3504,815,188,2014,3500,2506,2334,3546,1820,1861,2752,2679,237,3151,1980,10,2358,91,2614,3561,1285,3705,1709,2633,2887,2728,2425,3621,2079,3801
1836,326,2826,3175,684,459,1641,365,765,3606,1816,2638,488,1835,1650,2183,3268,1914,1288,661,3485,2479,2149,2386,1602,839,790,2741,524,2228,2394,1384,2040,1707,1626,1993,3211,969,1896,1854
3614,1250,3556,3732,3215,3893,2818,2427,2310,2997,868,1964,3549,304,1601,450,2112,3479,1056,2790,3530,1212,3536,1822,520,3152,1852,1521,939,3652,415,1231,425,1648,3446,247,856,913,2189,1394
2997,1100,585,726,299,366,3555,2548,3900,2162,41,1794,350,3783,208,870,523,3354,3364,3317,3883,1267,1247,2515,1096,519,569,1066,3483,199,1141,2553,710,3237,3458,1707,3357,872,1022,855
1033,1521,965,2768,2080,3596,2741,817,3032,3590,3833,745,1704,600,439,2834,1095,920,355,2110,905,965,2586,3728,833,2449,3055,53,419,2681,429,1861,2564,114,2675,1353,1460,2489,960,1949
3176,2395,627,469,1002,1278,2525,1842,1375,3612,2112,3464,3872,653,3006,349,873,1383,784,2624,2951,2215,1984,1910,3691,1923,2091,1825,1126,1560,2971,779,2043,1600,194,2006,478,1082,2477,2850
1093,1256,2303,658,1640,72,1095,1605,752,1807,3795,1126,1743,2177,2601,314,1247,948,2041,1672,101,989,3301,3868,3328,2273,2507,715,1425,1417,1218,3836,3175,2779,1641,877,150,848,378,2093
2633,1070,1506,1419,1218,892,1267,1300,3362,2765,2239,2569,2349,1183,1186,1622,2339,3313,1992,3284,604,3463,830,1623,1134,3845,1163,3639,3023,3028,398,1727,3176,2015,823,3741,2941,2637,3394,1004
1155,285,2994,3494,794,3540,1434,2095,3812,3690,482,2929,1548,285,3709,2730,2196,3547,30,1201,2903,1811,3679,1049,1595,3408,2416,594,1528,590,2336,550,3094,378,2849,1567,2146,2885,1322,2704
2099,1685,2926,2745,2513,1683,1341,1435,3467,2047,2126,2538,3839,827,3379,563,402,3416,2707,1211,53,3606,243,1286,3118,3714,577,1277,3151,2822,224,1110,2749,2876,901,394,2329,23,3274,1611
9,2913,3650,1793,2184,2254,3680,3075,2141,499,1329,1151,337,2005,232,3145,2551,3525,3182,3726,1734,2685,2663,1872,2333,3306,1303,3077,3570,12,2637,1622,753,1201,3312,3275,3752,3059,3705,2937
3312,1557,167,3607,2655,1745,3103,2719,3001,3158,2959,1091,899,2974,2114,3030,3232,81,660,1811,2559,755,2911,400,3643,338,640,442,1229,2900,2712,725,3233,3551,3145,2781,2303,3360,3412,288
366,3670,980,1215,1337,2944,791,2415,781,3767,770,1705,473,2887,3595,2195,889,1582,2662,1407,3399,1762,1637,2467,798,2021,3042,1196,2771,2303,850,1611,159,601,23,3346,2026,3184,413,200
341,254,422,1222,2807,1414,1148,3619,1905,1286,1114,3595,406,269,1972,3533,1688,2975,3394,2236,1738,623,1569,1684,647,1562,2883,804,3823,3385,1492,2036,633,822,865,991,2416,1248,776,3308
3294,2848,2508,269,1569,3783,3709,474,1084,3819,572,3099,868,3368,2901,406,1600,861,2117,3594,117,2996,2299,2009,3345,276,3679,1855,2365,3726,285,1133,3373,393,3796,3185,3375,1968,279,3535
3095,3353,2563,3073,2058,3023,1196,755,2615,2051,3168,2212,3069,1605,1510,2981,1989,668,1704,3578,2493,3001,382,3180,3481,342,3120,3492,2037,3651,128,3285,2773,2519,1633,3557,560,263,1307,589
2667,2359,417,1440,940,2253,3173,2833,738,3701,3397,1944,3843,1609,2866,1905,41,576,2060,2704,1255,1493,326,1687,1518,653,1569,2389,1904,1308,538,2711,2448,1434,1341,3826,106,2050,2597,3760
1977,412,1650,2903,1532,3303,1240,41,2005,2989,3214,2350,3495,2599,1380,2429,2764,565,1557,3110,2026,1432,1909,3552,3777,3169,2123,3704,2663,2595,663,3314,2753,2455,2409,511,428,47,3639,3321
3373,3562,350,1148,747,3537,1971,622,954,1702,1286,718,1595,1030,1831,1850,3600,285,2859,1450,576,2878,2224,1068,348,2167,2464,1539,3599,3192,1743,525,2760,981,2176,3263,1470,653,2039,1435
2083,406,1352,1970,648,2559,2548,2143,2164,2907,3855,3107,98,42,274,3564,3665,1988,1269,1561,435,2423,3619,1714,2262,2491,2844,2873,1036,610,3286,2688,2772,2689,3073,423,2619,138,871,1932
3123,3712,2308,63,211,1140,2780,3312,656,1336,2466,554,3779,1356,818,1020,3399,2011,3834,2753,2415,2350,1715,3213,1966,1124,3540,760,3447,3368,432,3002,2031,2658,3214,224,3490,1679,1332,3560
1479,70,2114,910,1645,156,1963,3409,1817,2510,2887,2933,1802,2622,39,1759,2024,1282,66,3293,1992,190,3519,1663,1563,3386,2439,316,1456,3575,1151,2001,429,3808,410,2592,2448,2039,590,2108
1374,233,3159,1162,1276,3198,3508,2056,1407,1477,1765,1135,702,2329,1475,3002,3201,537,3070,783,3630,2989,1267,2839,948,1019,690,2358,1251,72,3323,2929,1605,1866,1379,3009,2160,655,3159,230
731,73,3371,1171,2741,1944,1667,758,2850,3584,3790,1053,1691,3835,2118,849,2134,663,1121,1645,3254,1217,2952,1518,3388,3230,330,3869,685,295,2735,1990,533,1368,523,949,3465,1426,1910,2396
990,3771,2711,3440,1687,786,1342,2737,1345,2581,3155,3348,3049,177,514,1419,112,3329,3159,3387,451,1129,3432,3010,2522,866,947,2439,1755,3524,2474,684,1157,1779,3619,533,3561,516,2925,2995
3694,2423,3570,1563,1585,3660,23,2732,2481,497,2923,2527,3071,2156,418,2414,2496,396,1562,3360,1428,7,1290,3039,1409,1060,1614,2134,3582,247,225,559,2900,2209,3810,1844,3065,906,2848,3790
3192,2336,730,1566,1428,1021,2691,317,3409,344,3068,2247,1079,1217,2203,1099,2523,86,1880,3170,3785,2276,608,686,1049,2530,1133,2356,599,2805,1815,3307,3649,140,3136,1985,2377,1541,629,2186
783,410,968,3561,1001,1478,1445,3609,3289,3278,3085,714,3755,3685,259,2314,3517,2282,3071,790,3345,3835,863,2656,2452,563,1061,3011,3801,148,1440,141,1185,1649,2781,2167,2181,346,2448,2993
2002,2195,2662,732,619,673,2103,1526,621,885,1828,1594,975,2226,3669,641,2277,1194,2626,3000,316,1879,815,3107,2067,3781,458,838,2675,1674,1097,3450,3282,2044,1854,975,2833,208,1239,3890
3482,1822,2149,1639,2116,453,595,584,536,3421,2022,3692,3320,1414,714,3115,3794,2126,405,1272,3214,1195,2515,1773,1535,3433,3723,3393,3858,1656,3176,449,1198,998,1149,878,3222,11,3430,2415
1670,3078,2883,603,2082,2107,1639,686,1510,1091,539,3178,2402,756,1130,3692,904,1571,2222,1226,2912,3054,1997,2572,868,2060,994,478,1139,375,180,2880,306,489,1880,3018,724,3226,2787,773
2488,3719,2900,2553,2933,390,467,2561,934,3793,2815,219,25,3211,1356,3445,2560,1141,46,3296,1917,716,3176,1426,1129,3821,3112,1085,1923,1581,2689,2125,2946,1209,1377,913,229,3760,2169,3279
2643,2137,1635,2565,180,2988,1828,3603,875,3264,1712,3312,1270,239,1253,2418,2110,136,539,1611,2813,592,2776,1780,2911,3565,875,3160,3735,2727,2305,259,1115,3704,100,2346,2745,342,1747,1356
481,3666,1394,3738,1454,2485,687,1649,2267,1249,3480,1469,910,719,3092,3767,1819,3444,613,821,1463,550,979,1782,1419,1265,3070,173,1970,3353,2407,1277,807,1976,1286,2894,868,325,1398,3860
2856,314,699,2574,2360,3498,1685,2470,1434,454,437,1882,2362,800,2398,2680,3225,3111,1947,24,3048,2986,2795,292,3603,1111,1851,2405,2556,5,71,2402,1243,1059,952,163,214,243,2207,2799
3121,165,2005,1300,444,1101,3428,2880,3815,3335,966,681,3553,728,692,2773,2437,3512,108,1580,3710,101,750,58,1099,3505,3005,1457,1975,3198,3403,3782,3035,2464,956,2357,2200,2144,3058,712
2178,1444,1437,1626,1000,1455,1960,1786,61,2427,3460,3789,1218,2126,947,3000,2251,2238,1283,2230,2873,2995,1575,3495,2054,1866,3136,3342,1924,3241,3339,89,881,2466,3326,1688,843,788,550,2716
3411,3299,2824,3694,2021,2771,1684,3447,3891,446,2998,2760,1995,1665,1568,2372,2689,938,177,3720,2591,1573,3575,2612,1531,814,2903,1461,3286,3027,2568,1931,2911,1066,1087,2267,757,1499,228,3021
3734,1960,2159,2269,1854,1317,2823,2634,929,1473,1840,976,3442,108,2722,950,2982,3488,756,73,3833,482,1125,2014,3554,2015,1797,917,1686,843,1595,1738,2815,879,842,2619,1031,2341,202,1784
2201,244,3325,2547,2358,200,2493,2601,3347,1232,3585,2109,2378,2826,2289,3327,1822,3733,1813,1992,1245,2863,3277,1850,2699,2193,480,2189,2143,3384,2706,1186,3509,621,1069,3292,1817,954,1739,1637
2729,1527,2935,653,2282,817,1752,2369,2862,2511,30,72,1492,2981,2605,994,1904,2720,269,3762,3470,3704,3126,2361,3277,2544,2316,120,3247,2540,1157,3239,1444,3883,1261,3710,3627,210,1009,1823
1079,3535,1302,1715,2142,675,1046,3535,2122,2368,3873,750,741,652,1742,2543,2165,3668,3771,3597,1441,1817,528,2928,775,3319,604,3471,500,794,237,150,2999,2243,2403,3143,1859,2009,1195,1954
3191,3789,1922,1528,3596,1222,3389,1379,699,3779,563,1739,3401,1359,303,3102,2487,3477,531,3324,2384,603,2929,816,686,812,2029,939,838,1460,1677,2692,3014,3521,788,1677,3445,622,291,233
2516,467,2061,3621,3738,1067,2374,378,3105,3194,3054,1556,3405,3343,3785,2593,1026,1299,608,2584,800,1374,1013,746,2827,1568,1940,2406,3623,689,1868,1986,350,2196,1144,600,1872,481,1012,260
427,1637,2623,1988,1790,2866,1149,805,2518,2896,3613,3515,3795,3144,2494,791,1387,1622,1585,3601,3794,861,1295,226,3253,2565,2360,3189,3547,3447,3184,985,2097,709,3602,2471,3600,2655,3570,3190
2070,1177,188,1598,568,2606,749,188,2446,395,1957,864,1606,3693,2790,3023,3272,1917,3574,2925,1777,3061,301,745,1441,77,2527,3570,1922,1844,3877,2065,3054,2425,3542,1984,2467,2612,1000,880
303,47,252,3264,3086,2712,1004,1141,1792,1983,1189,784,3761,2160,3585,968,1020,1498,2105,2239,657,131,2729,3670,1681,993,1988,3650,3510,2200,416,1168,3759,3807,347,1684,2474,2710,1105,984
2304,299,3883,2484,3859,3116,3756,1603,3178,928,1741,3317,2068,822,626,2127,697,370,904,282,942,1116,1259,1557,2078,2991,2771,1007,2983,1594,970,2280,3474,2255,2968,2638,1339,642,78,1662
3125,3171,3291,48,3799,550,1166,1637,748,3562,1872,2323,1062,315,2373,3745,1536,1996,3333,359,1320,2156,3028,973,2668,2134,820,1484,982,1821,3458,436,2700,734,2517,499,269,2294,2427,1627
2896,427,1928,1831,1559,2092,3470,1749,490,3248,3641,2516,3233,3894,2313,1338,922,2541,3650,156,2947,1309,809,1348,2775,2677,3159,460,3267,3454,1016,1604,276,3089,3713,2837,149,3882,612,1839
647,245,1894,1777,3665,2783,3878,316,3006,1270,1603,381,2576,978,2248,368,3288,2936,3722,3228,886,2300,2700,591,70,763,381,3237,3605,3519,1962,1419,3463,3830,3210,3740,613,1596,3072,1948
3824,64,222,376,1885,3633,241,3086,3058,822,78,110,1161,3604,1962,2945,2504,443,2642,2321,2501,3783,723,3540,1275,3767,1216,1527,1817,3217,257,1849,3719,901,873,3598,3539,1869,2367,3019
3784,155,3634,3001,1713,2365,3543,3426,2019,2443,3065,624,2546,2291,3223,88,3230,445,2120,495,2727,2672,3434,1103,408,3220,9,2740,105,2781,944,459,2342,1734,1473,2361,571,2518,1353,3594
1990,1522,2587,3788,1167,1323,65,2738,3157,1740,1963,3085,436,3540,1085,2449,3247,2793,2721,3499,811,1373,1073,2480,1716,1899,3489,2445,3195,438,3525,3384,242,174,1323,3067,1887,1853,3277,2157
1418,227,3105,2542,3790,235,3163,1617,633,2717,3320,321,1075,3752,1622,3560,2625,1862,3635,352,2603,363,3019,504,1987,3746,3181,3323,3810,2472,2579,1843,3303,170,1831,405,2080,3697,680,29
2564,2533,2181,2400,2335,3494,38,654,725,84,53,678,3159,1070,563,795,2944,1606,2567,1314,1178,493,1516,1041,3744,1891,2337,1061,1156,3770,2489,3582,2362,2488,1404,3620,1276,3295,3852,482
560,2430,2167,2116,2251,3467,2019,3088,1863,208,2281,2155,1239,214,1015,3473,2993,1500,389,597,2952,3508,1709,3080,1135,3056,954,25,656,248,1009,3412,1865,1049,1610,3763,1221,1259,2812,2684
3295,2615,1657,1071,2942,2013,3859,3226,3109,2758,1133,438,1285,1159,3863,2552,759,2812,360,291,607,169,437,2566,898,3251,1514,3795,1930,3396,1267,2062,3266,415,565,2280,2542,2393,2544,3228
2628,1161,3490,783,635,1288,1154,2156,1973,1734,3732,603,2993,2400,1317,1293,2584,3734,358,1924,3300,852,3521,2684,3631,805,372,2923,3885,804,2666,3429,674,2980,642,2540,2458,298,2551,2928
3802,902,2559,3757,3337,1187,3122,3752,2399,3550,714,3420,2643,1881,3601,350,2234,1689,1188,1599,3780,470,1708,1529,877,955,813,2876,1027,246,1864,3015,1948,237,2649,3411,690,1001,3889,1363
51,952,2852,2517,1592,2328,3655,604,965,3545,3012,3753,260,3748,848,2359,1802,1781,3435,2309,2160,2841,1036,3689,3173,1594,1150,1952,1368,3899,2704,3613,1569,2896,2867,424,972,1695,661,1840
829,194,2427,2365,3642,2475,1320,2496,491,2843,3229,2763,541,3267,2540,2557,103,3837,1750,3143,436,929,3186,253,1782,1903,495,227,828,1965,278,94,980,2989,266,1149,2374,3668,1176,1060
2272,3046,1114,356,3434,740,665,2876,2697,387,1932,1454,966,2302,45,2464,178,61,1739,2935,850,2857,2630,3346,2666,3072,3849,2012,1673,1297,1872,1787,896,173,1536,2809,2426,320,1825,1235
154,1285,1611,3029,97,1037,699,2600,3201,168,1371,3576,1942,1787,2341,658,1067,2119,2454,3345,1425,1176,2328,2795,3794,1031,3424,2263,3744,1385,3163,1806,248,2115,1760,1207,2795,1797,3623,3563
1701,2636,773,2050,3742,1335,2776,2163,2717,476,3864,642,3808,1432,574,3395,543,1929,3728,3888,3716,3718,3684,2544,2213,3839,3253,3262,568,2831,1544,2333,2403,823,3508,640,1098,2667,2130,2713
227,3703,3422,35,3371,2228,2678,1020,2904,2988,3838,1740,1389,348,1978,2515,862,2151,711,1441,724,677,1431,2702,3120,2440,1332,2161,908,2784,2658,9,3063,897,397,3054,2565,1694,2422,2719
2452,1448,1053,157,1974,1261,693,3716,1255,2099,2125,3552,1584,33,817,1920,1425,1897,1942,1251,3473,1715,419,718,3114,2833,1606,2029,1938,3297,3179,2918,3481,923,2086,99,2928,633,3850,3292
2484,1733,2916,2450,3088,2391,152,1944,3687,1114,1395,3824,2035,2273,1504,3843,2001,2354,3163,2071,3779,1132,327,2379,2494,3830,1710,3320,1523,2702,1149,2371,2245,1624,3472,1397,24,2374,2378,939
440,385,1699,1532,3495,2928,1661,2912,3412,3339,1117,3395,3097,563,1860,1328,3128,1719,2392,1028,1421,3594,2074,855,3823,2761,1471,3483,527,2901,3631,543,620,1656,524,1944,3295,1950,1560,945
1931,3759,158,213,2055,3669,3300,2981,1032,1789,1649,2183,2341,976,1605,3029,541,1542,2329,633,1745,2590,1224,48,1323,3098,887,2880,582,331,1874,2521,2199,3465,1895,521,1882,532,2239,3099
893,417,2258,721,3107,145,2173,1510,3840,1878,476,400,2951,69,191,2385,3397,387,278,1805,3407,3847,2057,117,1949,3492,1407,972,98,548,178,2081,2155,3558,2059,3682,399,3005,3814,316
3263,1227,2278,3815,460,1731,568,105,1143,1147,1926,1649,1676,1525,846,3582,496,1585,462,791,2344,1078,1922,2813,816,2785,2552,734,146,494,2767,3693,1192,1733,1048,31,1607,396,3252,866
1558,1843,3877,1724,884,3218,43,2162,1097,3213,2641,3111,499,1143,2267,2811,1422,3004,1818,3111,3404,1033,236,3763,133,1091,1970,660,1653,2353,1496,1238,3208,718,3183,2089,131,2964,1232,1553
2561,2565,106,2445,3222,349,1460,1955,1862,1194,1844,2092,369,1381,2081,2322,2507,353,2877,1376,944,1926,2265,2732,3829,231,1419,3115,857,2190,2710,3600,1635,1731,1155,2625,1635,2254,273,419
2359,928,439,1782,2300,2031,481,491,705,332,750,87,3688,1409,2136,811,1426,2452,1053,125,2282,1453,112,2885,1264,2465,1950,3676,853,1163,2627,2025,2364,1145,3782,1310,3002,750,875,3378
822,3092,3826,2918,2975,955,1007,3747,1844,2580,1930,761,749,960,2393,3291,1561,807,76,1808,2554,3737,1586,3011,3054,1427,892,2487,3537,2911,535,533,2224,3760,2080,189,3422,2342,1392,2808
2731,2768,3709,2324,669,3776,1668,1260,3107,646,620,3130,2966,2806,2224,3320,212,229,1882,2920,3013,3788,501,2385,3496,1455,3267,3785,995,1187,1478,2020,3661,3585,3504,2805,95,382,1651,3095
30,2690,2443,1582,2519,3656,235,803,663,1227,3208,2014,3596,1980,2947,3179,3081,2958,1415,1653,3873,2643,1960,1597,2703,860,1730,88,58,2118,832,1499,269,3427,2885,3616,3376,1018,2345,951
2771,1954,3555,867,1360,948,247,1969,837,2534,3212,1859,862,869,3267,3366,2538,1410,1014,1956,2018,1752,281,435,726,2577,3300,3502,3877,3640,3865,2426,3517,2442,703,361,1096,1445,953,453
3417,3733,5,760,873,1901,708,880,3390,2279,2438,181,1908,478,442,1362,1766,1028,10,2108,2322,1868,3164,3043,1377,2210,3192,10,1856,2027,1925,1235,456,3329,1512,650,2996,3575,2056,2478
807,3416,416,3711,488,2266,1487,2248,639,3769,929,2193,186,3105,2161,2271,710,1157,873,160,994,3804,2394,3383,3233,233,1503,2486,2814,1001,2664,2194,3223,418,2042,3752,1585,1032,1661,1841
90,2452,2753,2109,384,3784,301,3403,419,1766,1720,297,3438,2129,379,3854,545,104,559,2024,678,2442,1080,1098,2443,2763,2363,3086,928,2796,3294,3526,1601,2461,1471,3743,3601,2117,1226,2615
2259,62,587,1467,856,3245,2383,1500,634,1948,1411,2870,554,1901,338,1795,3283,1151,2290,2901,3662,1399,3314,3502,3795,3635,1846,2685,2902,2878,3100,242,1183,2188,3217,2325,3765,2181,3822,2502
422,2472,1631,624,3384,2106,2795,3500,2879,3101,1335,1318,2581,3175,713,1425,798,1013,2460,2760,3892,3435,3033,3578,308,2008,3612,2,819,2452,2420,3725,1401,2918,3428,3656,1036,3430,1402,1760
70,879,49,3437,2509,3571,1679,2713,3611,1713,3193,733,2878,1656,841,127,716,1598,17,2822,1995,654,2367,1502,3352,1376,2443,1767,2196,3512,3713,3466,3064,3541,3190,2622,1564,3438,3086,3128
2036,862,2530,3338,2485,2125,2264,2855,1809,1495,3441,989,3086,789,2239,2642,20,2519,481,866,610,2858,534,1294,1363,962,77,446,2118,3296,43,1385,3357,977,2601,3571,1547,15,2297,442
3437,929,641,3488,629,2631,267,3821,2467,1890,2018,3274,832,3092,2758,1394,2130,1328,3587,3517,1225,2618,633,1158,2771,1165,2012,3855,842,1096,1032,1289,1914,1331,3797,3602,2596,1938,2283,921
3167,2051,4,2303,1500,774,2552,1726,1045,823,524,1666,1789,2036,2623,105,1087,2806,3651,3621,1703,2401,1562,2837,1567,3902,2021,2209,665,1978,3213,163,2363,2148,271,3157,1680,1498,586,361
1056,2675,2518,650,3693,1879,3375,3327,1766,469,2167,336,1671,603,3250,2158,2303,3129,830,868,97,3345,3011,35,370,2520,2338,3757,1855,1620,2446,3058,3190,3750,3294,3810,2549,1014,3312,726
3127,3693,2795,903,664,3393,420,3876,1592,3623,2755,346,1937,2570,3510,1038,335,305,1033,1939,1058,3445,2997,1145,2097,1915,2394,998,1140,1198,2810,2618,2744,546,2776,1204,2324,1427,1473,2266
915,1380,601,2600,123,3716,2995,2677,1977,1011,1303,3036,2062,1044,169,3579,1384,3204,216,2863,245,255,563,3647,2272,971,744,2700,3364,3037,2839,2744,3854,1614,1359,2037,3735,2531,1544,777
3790,3431,3457,340,2449,2249,1334,1046,95,3146,474,2057,3825,407,49,2886,3192,1967,1799,2839,1660,3062,1350,1343,1963,1266,796,2320,3460,2838,3575,2527,1956,1994,2662,1309,596,1562,3573,3808
3634,2899,2590,495,2636,2553,3143,3125,3264,551,2082,645,3569,3606,1019,364,2790,3660,3141,1643,953,3697,2086,2137,1183,1110,1898,495,2680,3727,324,1591,2481,2054,2856,697,2701,563,3040,2281
2157,192,2,1281,2745,1104,370,1660,2423,1618,2266,275,2338,946,2091,1315,3299,2024,1459,1277,3038,3622,337,1232,2945,2627,855,3358,3871,2741,2530,2145,2305,845,453,1901,1039,985,2549,3266
3598,3460,3890,1348,2484,3353,3238,3029,3581,1050,3087,3877,2925,1060,3843,2711,3894,3439,3483,3765,1790,3428,3101,3282,1615,3575,3370,674,1571,1795,2552,1687,575,416,1322,2956,3771,3729,3224,2520
283,1116,1072,1897,3519,1795,2174,1765,3849,1006,2567,1328,3877,3542,63,2070,1621,3552,2335,1457,1551,1557,72,2441,739,3373,2026,1178,3652,3769,1071,2739,2653,1508,586,587,138,1673,3652,596
148,1846,3009,3812,2856,3575,1891,2420,739,2799,3798,476,2849,79,3440,2814,426,3618,28,539,543,2226,1812,598,2742,3563,243,1038,1448,2009,3871,1245,1891,1103,164,3035,1879,1657,841,3767
1209,3023,1774,2783,839,1284,1841,3229,424,3827,2473,424,1231,3582,1495,1556,3795,291,457,1842,255,2844,2126,2542,3651,3410,2157,3476,1784,1547,1209,2434,2134,1924,2406,4,260,2590,3308,322
2362,2551,1586,2863,1329,2202,2296,74,105,2947,2931,1839,3526,87,2778,1872,3616,1796,2136,1198,207,173,1509,2042,1019,187,2620,2975,3846,834,2182,2922,409,704,3267,1694,2785,3366,305,91
620,1554,3395,388,3427,3885,2876,677,1938,2141,1052,3281,3503,3628,2787,845,3424,1131,3391,3076,3128,578,3662,3899,1915,1225,2725,3442,2181,613,2202,2901,120,2317,3186,2441,1690,2565,475,1994
2617,2464,3616,2063,367,1684,3490,1319,860,2400,3220,1175,1466,325,1929,501,3702,458,488,3843,2045,3560,2345,1314,2430,2860,564,3263,3816,627,2149,3260,547,2971,508,1628,3655,1706,3156,55
3364,3238,3627,878,2110,1818,2574,39,3466,1230,2458,2630,1800,3665,429,737,1564,1544,263,1944,2887,3010,3330,1262,3055,2462,2371,1755,2945,1425,2293,2300,258,3717,1524,343,3479,1332,208,1871
1451,3362,3315,2854,2936,407,2622,3581,1680,2152,3282,2917,1777,1799,700,2308,1950,2097,1197,318,479,3050,107,1259,1775,3865,2747,336,505,2552,2553,258,1047,46,992,995,410,3631,3886,3485
2181,784,861,646,2565,1620,3362,2527,2643,1056,919,2188,1486,77,1916,544,1439,474,1216,836,3665,189,531,2921,54,1006,3263,3277,3392,2658,749,884,3886,326,3733,860,402,345,676,3865
1173,3523,2464,335,1439,2418,445,1586,2884,1471,1443,431,1407,2045,2451,961,2093,3244,1488,1338,3742,1540,400,293,2422,1678,1398,1620,2545,2100,3488,1456,3185,3489,2457,1366,1712,808,1781,205
1730,550,2269,1249,3524,2322,723,3118,2402,369,258,625,30,1201,3812,3396,2384,1965,2035,3717,3086,3836,2572,3825,3104,1383,2111,431,1000,3253,2304,3408,2535,1908,3540,2656,664,1368,675,3841
3243,2735,3305,555,2904,345,726,1879,2858,3286,332,3897,1874,2395,2723,487,2431,1103,3398,3315,3136,786,211,2344,846,2039,2902,2153,26,489,303,1125,2705,1810,1402,2369,2668,238,1493,3450
3155,2358,2342,3398,3078,3197,3030,720,3292,3224,2590,950,1559,3450,2922,858,1750,1987,3351,71,3597,3236,3128,901,3618,1906,3774,2793,1028,242,3140,1951,2720,361,2817,11,3472,336,3868,1393
665,1369,1998,1196,1501,2489,488,2643,2978,1965,1274,2490,1985,1997,2739,3136,973,344,281,1150,2349,3784,1265,2125,195,389,1745,2497,2094,3509,312,1496,337,1666,2063,1045,3346,1564,2242,2312
2087,2149,2830,1115,499,1142,1001,2004,2342,2607,1302,172,1070,3366,3201,2156,1112,391,2489,704,437,2812,2133,738,1447,3305,2662,3218,1165,1915,449,3030,2886,2939,2372,3488,3546,1484,2398,3658
2245,3207,664,961,2458,1676,2957,1892,3597,1609,2485,2876,1591,3821,3781,83,3764,1075,2630,2295,534,2080,659,2420,140,978,1842,1822,777,567,3804,2498,1770,1017,1967,795,2546,2241,1449,525
2460,837,1531,2594,1722,3478,2532,2096,593,1759,245,3210,1616,3084,1403,23,2332,2491,872,2696,774,2241,3607,2881,2188,75,3375,2883,3604,56,1361,352,754,1889,3072,2676,3662,3598,1802,2444
3758,184,3644,1525,477,2779,1424,3722,3379,2710,1262,3783,3716,888,1743,3459,2025,3728,2115,948,995,2308,2541,434,3768,3646,3800,1607,2032,2509,2384,1100,741,1178,2271,2560,227,3653,2355,3134
2047,474,2169,1519,1313,1263,300,1430,60,806,1042,2114,3512,3355,2238,488,142,1526,3026,2195,1380,3167,3847,1073,2154,1778,429,1385,1055,427,2450,3850,1871,982,2583,3187,296,1064,3154,481
1226,2855,240,3526,1229,2156,278,2859,2551,2506,290,2224,2462,458,2580,557,3189,2251,2076,2995,1622,644,1270,1706,3546,3887,3773,3567,180,2077,2124,1350,2119,2133,1999,262,3739,3602,65,2608
3621,1747,50,222,2609,1405,1607,3651,3844,3516,2411,2217,560,1908,705,1280,3254,2265,196,2746,3691,3321,2179,3558,1224,465,984,3080,2472,1864,863,472,3281,3452,2285,3267,3460,868,3581,3534
3353,736,3775,2605,904,135,1712,2863,2303,2118,2759,3568,1112,1177,2537,3401,3526,22,1244,356,3723,843,451,2583,2307,3807,1877,1135,1699,1553,2966,345,1010,2454,2602,1888,77,1856,319,42
3825,1466,3815,827,2178,1285,3742,3295,1936,2172,382,755,2994,3228,3684,687,3253,2764,779,2892,3759,1141,1667,2705,3245,3045,2474,1540,1259,2618,1580,3220,1841,2700,3815,162,1559,3864,2061,3692
3593,3797,1644,3875,3814,1916,1447,2750,3004,3651,1994,1952,2245,2120,3563,2107,235,85,3648,832,2301,2611,2490,2252,303,2182,3023,847,960,1624,1563,1948,193,2792,2208,57,2032,2053,3002,2695
2810,2520,3152,1420,2707,2184,3301,222,2007,278,2271,770,3238,2723,2754,1044,3168,3567,2238,1641,2246,3457,2346,2371,2528,1656,3188,1149,517,1104,1715,3321,2484,2132,2481,3677,1435,988,966,832
3330,3495,139,648,1578,1814,3322,1841,3290,3163,2752,985,855,1431,1363,789,2680,3853,113,2873,458,3661,3808,2105,3144,3521,876,2743,200,175,78,3214,2715,3060,3035,2521,3518,2340,33,34
2615,1716,486,2284,1724,2301,2133,1067,777,2150,924,1450,1721,2254,1012,3513,1831,1747,1631,778,3743,481,3574,410,177,1122,1328,2724,1239,3097,3065,3387,534,3756,2978,1112,466,1770,1039,406
3252,425,3902,3605,2926,637,92,2761,2818,2866,3443,2869,2805,1323,1535,3386,3666,24,2184,3354,1095,2049,176,3309,3875,3419,682,2328,2370,3873,509,954,2258,2686,240,1166,3338,464,274,1735
1830,2743,3721,2248,889,1116,199,1750,2236,2796,2748,129,1766,969,1261,2080,3287,2624,173,2635,701,417,1747,669,656,2836,701,3191,2659,3853,2613,266,79,3517,846,3600,2252,3387,3727,3136
1468,2766,584,2301,498,193,2204,3644,807,781,207,997,2171,1114,2675,3332,2962,2926,2930,2699,558,2260,1056,3538,2913,1300,1184,475,2057,845,2013,2024,246,1606,212,3837,1794,2420,825,3240
3504,75,1184,1767,3498,3562,3525,772,2391,3252,1018,1746,2355,2486,3742,355,2418,1415,2397,3700,2535,3392,106,1856,870,3540,31,3053,326,1711,3139,1832,1268,2349,2923,3305,2590,373,347,3427
2248,3716,3365,1895,3509,434,1257,701,3340,1401,3345,3569,1107,334,1144,2665,2035,1891,1178,2426,3070,3086,3185,3372,2396,1807,603,3129,1896,1015,2548,3237,717,2531,3090,3351,1055,2689,1584,3509
2677,3163,3410,1155,1703,3187,1274,2088,1387,1858,2275,2357,1799,774,3242,881,849,432,900,3240,2675,1882,2292,3294,1729,3763,588,1231,2773,61,3389,2697,2785,94,2246,234,2620,1815,2017,2765
3542,2062,3064,1368,2283,3727,3061,2774,414,2885,2950,142,1122,1480,2139,2923,2882,3378,2941,3366,3286,2965,1306,2845,1800,3804,896,774,64,3639,2998,1083,2419,949,2196,816,2742,2738,123,2240
692,312,1469,2195,1177,2411,2970,3097,1777,15,179,3389,1919,140,3185,1915,284,3274,2071,206,1501,1935,2056,345,2900,3629,2826,347,968,2324,3205,230,672,1142,2540,2137,1961,2008,3843,1414
2645,1947,2685,3829,3358,3553,1143,154,602,2403,548,910,821,1263,3495,489,3807,1319,1802,2514,88,1215,3384,3852,3377,2576,1580,3840,3391,2252,1344,835,874,1882,2911,1392,3006,2756,2359,1833
1052,539,3500,1813,331,443,2265,3152,192,2112,2113,1309,1236,602,1542,1722,2550,452,3289,3409,2284,1163,169,545,2726,569,3695,1829,535,2920,1664,2479,773,2612,3303,1059,2907,1585,3443,894
1387,2397,3058,3,601,742,1470,1672,2566,2483,2507,3183,1675,3379,3763,416,2104,1367,3008,2369,165,1082,360,2168,3036,2118,3284,761,931,1731,1339,2501,1947,3599,3121,637,1596,1033,3419,1424
2555,2932,373,281,831,1358,78,309,717,578,434,3589,1471,2526,840,997,1428,3072,3608,3808,3516,1787,1822,2652,1307,3864,3569,3809,1872,1336,1042,354,3042,409,311,1060,352,1843,1027,2794
921,1472,2192,750,25,3117,93,294,827,419,3801,456,620,1771,3856,1762,1817,2141,1956,465,2476,640,620,1539,360,331,2626,1481,604,1887,1623,3559,848,1982,3355,2848,1655,3679,1575,3871
352,2394,669,427,2288,3541,1790,381,2095,1527,1074,3797,7,3621,2311,3511,2116,1391,2424,117,1876,3203,6,2174,1278,3394,3597,331,3096,1831,1656,3111,3823,3392,3071,1876,2699,3843,3643,2652
1662,2803,2840,985,2331,2709,3360,1860,1314,3687,1681,2406,91,3497,2915,3346,1310,123,1698,2398,1914,2623,283,1295,1921,2297,1029,77,3000,3420,3594,957,3575,231,1733,956,2212,783,3231,3848
3224,3360,2913,2477,3312,1970,1877,2670,2516,2474,3322,3440,2617,837,2909,1211,754,415,1884,2599,3685,2103,1202,291,1035,3001,2817,3148,309,3480,361,1538,1780,353,2624,372,2624,2842,1476,972
3505,1300,336,150,878,670,3629,3704,269,3218,1464,530,3064,1882,661,2697,1038,592,2860,1615,3745,532,3136,1699,3787,2245,300,1532,2750,3610,3392,55,3810,3716,2013,348,2386,2919,3675,330
1376,2371,2121,154,854,603,3268,734,3067,2724,2066,2948,2673,2343,2926,2594,2443,1405,930,2683,2009,2615,77,665,3196,1391,851,2416,600,1165,666,446,751,1593,1522,221,1215,1175,3582,18
479,2504,2275,2514,1844,3583,1850,2794,3585,807,3612,3630,3800,2331,3484,1376,1260,2133,1970,2545,1900,3668,3132,1962,246,432,3157,1485,3092,3262,2332,2622,3488,2806,2928,1726,908,2418,811,885
1867,102,450,2264,1564,3168,1578,1369,3680,2537,2428,9,1765,2743,689,3406,1030,659,693,90,409,1595,1902,1095,3326,3607,3105,2751,3,3282,2017,989,2859,2052,375,364,3348,702,2725,2872
2396,1552,2412,3531,2657,2898,3115,2612,341,1157,3638,3339,1622,2088,3289,208,3448,3238,3471,2185,3888,3181,2262,174,3161,935,3293,835,805,2677,3828,1293,779,3275,2901,1173,3413,625,1006,2076
3443,2505,1629,3284,3758,3204,1539,79,377,514,1771,192,760,2628,931,2366,1976,3601,2689,1777,381,1553,57,2574,3321,3860,3616,313,2927,2587,1059,2502,3290,3236,3143,2941,3350,2910,3805,3363
2905,394,2995,625,2109,1999,528,344,1053,3116,641,3896,1617,1793,1543,2338,1049,2854,1933,1482,428,833,3598,463,626,3294,582,1388,2832,498,1254,564,2489,2827,1874,200,1793,1618,3278,3690
1068,3279,1318,3863,3764,2670,2455,3208,1534,2612,3828,2012,2834,374,1196,3849,1395,931,2919,2488,1710,3160,2530,2087,1086,409,96,2200,1912,2425,1382,17,1348,444,1971,2185,839,1781,3714,2981
1680,3049,3807,3690,1927,674,572,1806,657,1344,3207,966,2438,43,1369,3174,2375,2559,3828,938,503,3127,2825,2427,1549,2094,1117,1888,2467,2383,2503,2287,2860,627,408,3895,1922,3649,3283,1881
1895,1401,1198,2006,937,284,1050,1891,2644,1756,417,1402,2449,1455,3019,3350,3771,1146,2733,357,1065,3637,3827,2016,403,3234,3601,954,243,3705,1477,895,2260,204,3352,1468,828,3253,3351,1694
727,3833,542,995,52,2716,2259,1276,143,3393,2777,121,828,558,3271,1386,1290,1257,714,26,1188,513,3768,1882,1887,3229,2681,2879,3651,1139,2591,270,3720,8,1569,1881,1654,1926,2080,2789
1693,136,68,2317,529,3404,1520,2583,1323,3082,3652,3711,3265,40,3618,3019,2739,696,160,2149,2079,3519,1477,1867,1991,2768,2341,1167,1554,1362,2170,1987,1720,2957,3215,633,1322,3123,2876,2697
785,3252,1434,2823,354,2885,3584,839,1394,1394,733,3805,3484,970,3115,3398,970,2413,1256,240,1767,1296,627,3526,2004,1549,218,2294,3383,1736,3722,305,940,2680,2055,2985,1768,626,367,1192
2430,1553,1808,3066,2712,2667,2575,1071,2980,2238,3391,1064,218,2714,1623,3794,3193,2198,112,30,555,866,1446,3418,2269,2515,272,145,2099,1971,2942,2782,1298,2197,870,1051,853,3357,3436,2427
1958,273,322,2027,1238,3170,857,3129,2231,3694,3561,916,2295,139,3023,394,1364,1553,1355,3902,3588,3365,1888,3544,1709,1841,454,2803,126,2159,656,2484,2138,1476,1921,1660,2566,1881,2563,3695
1234,2752,3304,2718,1326,1793,2680,1095,823,697,674,2395,2327,541,3427,3184,966,1702,3613,1633,3707,630,2917,2027,1379,3379,2233,2239,2722,169,3718,490,1276,3322,2598,2757,1903,131,1576,2098
1440,2465,1204,158,3822,1043,3235,1167,3547,1520,3256,478,2814,3787,3119,1213,1005,3415,2476,3553,431,179,1146,600,1853,658,144,931,3127,1709,3112,170,3869,162,1998,503,267,147,751,559
305,172,2962,327,218,3782,3865,762,3662,1391,1270,2130,484,2386,1233,3067,2259,2108,1450,1280,2862,3758,2625,2128,2040,3794,2444,1023,1883,1084,3839,179,1090,1954,345,912,3158,3087,3862,1
554,2258,1565,754,1380,1927,126,1703,2447,30,1055,460,306,146,3710,1086,1572,1766,3031,727,702,2202,1588,362,3591,1176,1049,264,2699,226,2343,740,371,1914,764,1022,73,2818,2535,1148
199,3361,2910,1198,3868,22,2844,152,1301,324,357,495,3393,376,549,932,484,2904,752,3764,1932,81,420,3270,3809,1418,3316,3826,1243,143,3533,3431,2972,1615,1616,656,1689,3249,714,2154
2343,3556,2592,3105,3534,2695,260,2592,1702,3547,2475,2620,2335,1031,2664,2979,1050,277,3509,880,1053,1558,2941,2527,1440,2401,1074,1197,2461,2679,2797,3119,652,431,1124,1428,3782,406,163,1238
1972,3209,3412,296,3838,629,2891,3117,2378,874,501,2181,2887,1491,272,2911,919,2109,2849,375,325,460,579,902,2825,178,2928,3691,2007,3308,2118,1388,1316,1410,3069,1708,1472,2747,537,2606
1464,21,306,773,1283,1370,1626,2221,604,2826,2657,2496,796,3698,89,237,2133,3372,653,2322,3045,2192,2433,2393,1269,2955,386,782,661,3661,1732,3879,1990,2375,618,2171,245,873,2786,3898
1215,2718,2598,282,3141,963,926,689,1728,458,1113,2758,3508,2634,2174,1515,2549,3166,2062,68,2997,1867,196,408,3552,3613,284,1189,1729,899,1835,528,1034,1046,1824,2881,1948,3814,2071,535
1896,292,2004,3326,1409,2173,714,974,772,3684,954,2574,1113,2561,2809,518,1421,3785,3746,1495,1173,2507,2856,1184,1090,2421,623,2234,2725,2945,2691,2650,3039,2238,1728,2771,1709,935,2240,1449
2283,3843,2304,1668,1689,1809,3670,3010,284,3824,513,1545,636,503,3448,1474,2670,2919,1137,3468,1508,2901,3597,150,1667,3011,453,2762,2610,1265,203,2775,1410,93,3445,1732,674,577,1557,636
467,1558,497,2518,42,2600,1723,574,968,2213,3552,692,3556,3680,2751,2264,69,3137,1136,1364,910,3247,282,2562,3743,1687,3680,1735,634,760,3608,355,1265,617,3869,1188,1776,1481,1294,2442
3767,174,529,3523,368,1934,3750,1194,2616,2839,390,1280,2898,771,53,2653,2117,575,3831,36,2122,2310,1374,2392,998,3299,3840,2249,2285,1035,580,1441,428,884,2148,714,2669,2706,2902,3155
3575,1829,2046,3837,3658,643,209,2291,3526,1312,170,974,239,1186,2598,333,3349,2406,2110,2627,2040,3731,141,957,3280,3338,2459,350,675,1927,1923,3461,351,2846,1016,3397,3598,3502,3146,365
713,1008,1429,1749,2285,2869,1631,1381,3434,3001,3781,1422,223,1041,2053,3570,1749,3806,306,307,2025,1702,3166,2421,2055,255,2707,2396,420,140,2989,204,2476,1452,553,699,278,1875,530,3573
3787,3573,3613,1845,1053,1205,847,3311,3216,2056,2813,1285,1986,3224,1321,2170,729,3847,593,2395,1061,72,887,1713,996,2597,3069,899,508,2216,3567,3157,3163,3048,2567,3073,3489,1791,229,838
828,3260,2286,887,3464,3524,1591,2173,1363,3594,846,2472,2208,83,2466,2876,1758,2555,226,2190,893,1006,3668,461,1642,194,1583,2044,1644,355,38,1153,2888,513,1870,1808,2332,1827,2365,2324
2263,2774,290,274,485,3704,1219,2340,3758,1781,3870,3165,2940,2729,3634,3751,679,1594,2893,1330,159,1142,1769,2717,1825,1258,3467,2748,431,3186,2910,867,1181,1819,704,1276,1530,900,1196,3386
2569,1508,815,2440,1415,1866,3678,1629,3902,2823,2702,1084,3101,1800,207,35,3714,813,1077,2276,3186,1693,2372,3167,2533,1141,309,2775,1713,2664,2143,2667,2085,743,3269,3126,1146,1378,2251,2078
3637,572,1538,3617,2244,2522,2724,571,2695,60,1832,1029,1681,550,1098,2777,1542,1441,2522,3459,2861,981,2636,3532,2007,3263,6,1334,3049,1030,2717,2586,2088,2579,2592,3176,1497,1084,2609,1899
3503,33,2704,3153,1330,3718,1479,3742,1250,1119,1597,3512,2231,2578,364,2219,648,1162,1857,264,2441,2495,1803,3634,1438,602,2566,3608,406,1157,417,3348,3131,3745,2234,2434,2338,1874,2306,2846
2031,2188,2137,3506,2855,1349,3119,1199,1492,1838,3403,398,1489,496,2312,3371,2450,3168,858,1850,3886,3328,425,2910,501,1066,2322,2832,1530,1611,3742,1723,1046,1054,2953,1647,884,807,1878,1228
1286,1976,3525,352,2432,3565,548,3757,3861,86,3004,1294,638,3201,3872,1296,556,969,1595,389,1497,3885,1043,599,1293,1049,552,579,312,2934,3568,1497,1493,3164,2062,2086,3247,671,2494,1640
2140,2475,3492,143,1784,392,2403,312,899,3183,2298,309,3771,819,1852,3120,2731,125,2185,3057,3696,1656,634,1947,2407,2205,3587,2295,748,3761,1185,3789,114,131,188,3499,1519,1127,3673,3083
3054,2677,2381,1624,1032,755,433,3176,3832,3103,1755,3196,3478,1802,3162,3101,244,2726,3046,1476,440,2374,2115,1678,2424,2529,1776,3536,1583,546,1773,2439,3358,1355,1219,202,2577,85,2392,1593
641,1274,717,411,2697,3077,2220,3296,185,187,631,1006,2868,2726,1762,3261,3362,2865,744,3346,3005,3567,951,2065,577,3511,3557,3696,89,3153,3374,3767,1427,3151,2791,2782,976,202,589,3338
414,3194,2391,3519,2480,1889,2997,3558,2370,989,1799,2231,1350,3282,3253,3372,137,646,3589,1529,877,495,3202,2529,614,3087,3405,3856,909,415,234,46,405,1405,1284,9,3068,947,2832,3702
940,1679,1599,1221,3364,2213,965,872,376,512,2569,1113,3124,2762,3410,625,2325,2702,2745,580,3537,3169,1082,990,1697,1444,2521,3208,2333,3221,132,2546,1524,3082,1658,561,3059,1516,1154,1912
3007,702,1474,1324,2489,3416,3757,2513,36,63,554,2319,1315,1039,320,1112,3347,475,1881,3286,3299,204,51,3861,1218,2174,2592,617,322,2533,1582,2626,2391,3324,3688,3552,1033,2218,1313,3902
2446,2924,80,674,1468,3150,3672,3656,3133,3754,2046,1237,2391,2595,660,2549,823,3740,1922,2340,402,433,1312,23,853,2825,1649,573,1958,2602,3395,724,1102,2376,1352,1725,348,3264,2687,2070
2883,2866,661,218,2030,526,2606,1830,3267,2990,2529,3345,445,3612,1370,2752,1687,860,566,3047,2409,3642,435,2603,2909,329,2135,1467,3825,1584,61,1906,1898,1703,3130,3140,3803,1076,3074,390
1944,2780,1719,2202,3763,3501,2324,2253,92,2360,1327,1039,377,1394,3830,32,2744,2107,919,1734,736,733,624,1108,2320,3122,2469,2653,2206,3904,2364,2604,64,2710,3553,2554,1771,3407,3555,2490
2262,3355,237,1575,3405,1631,3696,1209,1688,1248,1880,2995,2127,3369,3227,1404,1268,3019,3353,473,3515,326,2283,1853,75,528,2748,2491,447,1204,1531,2327,148,3718,3521,330,1634,79,191,3548
1520,1622,3246,2415,3302,3629,1411,3156,493,365,1779,1680,1042,1279,3116,2184,1669,2424,1214,2890,3355,3585,2322,3817,807,313,2326,118,610,738,1212,3098,2556,3898,1937,2366,2807,1904,2575,1274
1594,994,636,3240,2987,522,727,1828,1642,3382,3808,1233,132,1917,361,2954,1533,1933,2077,3477,2046,2243,1340,288,1311,180,607,3401,1556,3386,3493,3076,1577,2008,106,3655,3089,2396,1596,586
2543,2666,2772,3104,1410,3425,3564,2209,2990,1105,1025,2431,314,1555,1044,3260,825,3153,337,1722,421,2117,2651,333,2606,2683,1532,615,2357,2575,1747,3150,2529,475,3583,1868,3690,1601,3600,680
827,1770,777,1640,1961,1781,3607,3525,2632,2418,260,1242,1549,3844,3524,806,1450,2058,294,1786,538,314,3735,1384,3134,2780,3641,1164,1851,2148,2223,3040,50,3690,254,1619,3147,2668,3628,836
564,1235,3366,2868,2615,1438,2807,2549,1532,3648,818,448,3865,2861,2405,528,3886,148,1851,1799,1200,223,1272,842,100,2317,3029,172,1009,3418,2807,2802,1819,2030,841,454,2230,2255,667,1097
2614,2420,136,3831,1712,2948,2913,1014,2335,1896,2830,1182,2915,336,3457,650,3825,2173,2471,3398,1005,752,2846,1261,3869,948,2690,937,749,3341,1347,3658,3347,1067,940,3871,1968,1934,2401,3680
155,2765,3445,1688,2822,3342,2156,1400,85,3371,2524,1821,1176,3428,1925,1430,2258,3363,292,2537,2541,3200,1221,1165,1632,2626,1353,642,2217,1899,72,477,1206,697,2870,896,432,154,3309,2764
3812,442,3740,3269,3486,3644,2432,3721,1313,225,29,1480,1628,858,2704,402,707,3421,3640,3695,2165,1424,2951,2166,2226,2645,617,780,1838,2647,1244,3776,1062,1187,682,2795,2910,697,1759,1664
2454,2947,3155,163,2576,3573,1299,2307,1811,3649,1642,3280,415,3423,431,3131,99,35,1982,3278,2136,2600,2025,3706,1359,1120,1889,597,3857,514,883,2868,877,2938,720,2849,1508,3118,1696,1225
3572,3642,1205,2971,591,3352,2750,640,1689,3828,181,2946,3273,1709,994,1937,1697,442,673,1977,1440,1107,271,1841,3029,3057,2999,902,3644,409,2391,3551,1471,1105,544,3213,636,1223,289,3578
3602,904,2724,1413,732,2442,3644,2172,3555,1957,2253,2627,1424,1010,2103,3829,2430,402,3853,1315,1519,2556,2935,674,232,1530,1822,3067,3785,3373,1881,265,3021,2609,1679,2082,946,3341,567,3736
1772,120,619,3144,1603,3538,1672,1996,1718,1680,2792,1224,3276,3771,1996,3323,1465,1608,2013,1220,949,2759,3309,777,457,2256,714,2655,936,2113,3590,2241,925,2387,1182,1103,1576,3344,3389,487
2024,402,2177,1473,2812,2164,1505,3293,258,1619,471,3418,1092,1847,1419,908,383,2349,804,1170,2825,449,1594,3903,527,3520,2694,3485,2920,1499,1233,513,2908,1372,602,2774,3507,2653,730,2430
3058,3376,828,3431,1095,3375,929,2944,293,423,780,2715,2663,898,2789,1485,1360,2698,1870,350,1531,1677,2947,1550,809,3732,1612,3446,3319,3549,2573,2767,2280,2358,2118,3632,1997,2913,1943,2607
3486,1906,638,1080,2843,3795,1670,500,1932,3886,1391,2631,2086,2340,2107,2674,3376,2875,1463,604,2834,53,2137,3046,3731,1654,2905,2613,3734,2619,1963,3532,35,3598,326,3158,803,2425,1388,2140
2154,1266,3645,3656,1668,493,2708,559,1295,2082,857,326,2052,656,2168,1253,365,765,3211,1766,906,3648,1605,3889,3384,2887,608,3891,1026,3128,3203,2393,3177,2136,593,95,3114,2715,951,1078
3146,3090,1186,68,84,3085,2104,2225,3845,2137,525,1484,3664,133,2444,132,3249,3187,1593,384,3229,301,3694,1164,3482,340,597,2030,421,1724,1219,2778,484,3644,3665,3295,1097,2987,1338,1260
274,1414,1524,2256,1320,2076,2194,3613,840,3251,1209,649,538,249,589,947,395,3419,3508,244,171,431,1491,2627,1532,963,1678,2986,882,1403,3195,371,1629,1942,1264,1064,3883,2555,5,2770
2373,716,2298,3185,1545,489,739,2588,2699,961,3605,2979,1402,1242,1174,425,109,2691,1299,2498,3132,2945,741,569,3827,1046,550,2017,1535,333,3334,1152,2333,3408,3760,1081,742,3397,2451,105
2055,1481,1509,2132,1043,3545,2255,670,607,241,3766,880,3362,3045,2857,2421,2591,1015,2778,3635,602,84,2020,550,3564,3364,2406,3658,2073,3824,878,1039,2102,1542,1198,2775,325,3701,2589,828
1541,1952,687,1122,2380,38,212,242,1121,617,3407,2137,2687,1162,3244,937,224,815,1391,1902,3370,3452,1655,3172,2332,2667,1057,2325,3428,1729,3405,3024,3112,2271,1611,227,3700,2719,3591,26
1106,1089,2178,1238,2776,1775,2297,3499,3443,3288,785,1093,1129,3364,1457,1874,1444,1861,2338,3068,996,1896,3144,1721,1504,2452,1044,745,1075,1059,477,491,777,2794,3077,744,3807,1507,724,2273
3464,1884,1468,1589,208,2954,3621,2453,408,222,2716,747,2783,2538,764,126,1654,2755,3796,647,3531,1815,675,2980,3610,2543,3213,957,910,2389,1907,750,123,2663,2806,217,2713,1366,3172,825
3723,1164,483,3632,2272,2847,632,3113,1325,2594,2062,3255,2133,799,3703,3013,2361,3016,3876,205,803,932,1789,2956,1655,401,3721,1369,1928,607,2002,3871,3253,1738,268,2870,3028,1301,3896,2506
3200,2928,1327,2490,744,2537,1288,230,1212,3418,2502,2687,2829,1026,625,298,118,2296,771,3037,3332,3748,3682,1481,872,1786,1809,963,147,862,2251,2980,1593,1873,1720,724,65,3690,2432,1223
1302,1354,2352,2204,930,1870,3759,3714,2577,2583,273,1613,723,3059,3422,776,1556,988,1242,3421,1422,650,1023,2279,2573,3489,707,1665,3473,329,45,2178,444,1921,3327,2724,447,3455,2887,2586
1034,1753,1016,3167,1432,1131,1702,2410,1549,2125,1039,3678,2461,3819,2893,1595,2798,3304,1224,413,2289,520,2945,3639,600,1564,541,2656,2209,2916,438,1588,1464,1123,382,1891,3190,3789,372,1055
2123,1234,2171,306,2500,1051,3625,2082,956,2553,715,3147,3455,2274,1689,2616,2736,1986,3522,1921,3161,1739,1875,1643,2441,3679,809,1566,3302,583,3784,228,2387,480,1262,2129,2424,389,3771,2824
2253,1902,1082,1444,2961,3250,2055,3791,2261,3038,309,472,1667,1089,1322,2650,3052,3524,1923,934,2681,3399,668,3627,621,2805,3787,75,345,110,2441,2574,3824,1154,1272,3300,3724,2587,2300,284
1808,3126,683,1662,2638,368,32,2059,3233,2870,2526,2477,1463,593,3169,2827,3450,550,1930,939,2111,2036,2207,3758,3854,1873,2632,1117,761,3419,493,1088,864,2007,3256,3414,3025,739,3530,3367
2890,2825,920,1129,3195,1555,1771,217,3392,3284,1076,1317,1894,2843,3065,1472,3440,3123,971,311,1723,2907,477,3496,1819,1105,349,2313,2619,3049,1241,2200,2684,3402,792,2766,743,780,1257,690
26,2783,3858,1787,5,3519,1502,25,3606,1057,1468,772,2286,339,2608,759,1753,2453,2481,1437,2901,238,831,1823,1410,34,573,3109,3013,2613,3225,2496,2934,2378,3243,280,49,2467,482,3749
3109,1880,132,3127,795,2675,3017,3102,1922,621,2821,1207,616,3598,1734,409,2784,482,2862,785,1328,3310,1393,3662,391,726,2219,3161,3331,90,2783,842,473,3141,475,1858,3634,2438,859,2545
909,3531,612,3241,510,197,1884,3840,2361,3043,914,2596,1827,1938,1899,3305,3002,1271,1089,45,405,3544,387,1381,671,932,576,650,1405,1324,533,948,3880,502,854,1696,2131,1708,1069,3699
1547,2819,3793,924,396,620,2050,1101,1393,1960,3361,2550,1069,254,1591,2563,2097,2020,311,1038,2452,3363,212,3877,1240,2379,14,2602,1648,2632,3131,1660,2589,1480,3194,1057,3512,2382,959,3851
3537,1711,168,3568,3746,1493,2764,435,3575,647,3710,1169,3260,1294,407,2818,1189,3404,2350,728,2702,2523,2758,3628,1603,641,324,3152,426,2507,1374,99,3528,2996,3317,3153,1,2982,1704,1068
724,3828,3864,3707,2766,2548,3408,1107,3786,2366,892,644,1590,856,2042,363,1877,191,3323,3756,2253,820,7,1698,107,1726,25,1195,3571,1049,2636,187,3594,1425,1028,188,3417,2546,50,1379
2436,3301,2934,3692,3397,888,3137,373,2963,537,3409,809,3580,714,2693,267,2807,2560,3312,947,3183,2602,1613,530,2732,2713,2418,552,3218,239,1366,520,2284,670,2680,738,1486,1575,3510,1268
1292,236,3658,1210,2787,1621,1192,750,3101,164,3630,588,2863,3320,1352,763,1809,1983,1267,1537,2169,187,3063,2937,766,1979,499,498,865,2728,2483,1968,3610,3325,2486,564,1383,2887,1455,224
2458,1875,3700,326,1835,468,2012,821,3160,1561,1535,1698,3809,3802,231,747,304,2361,3148,417,2617,1828,2716,743,572,1441,3533,3893,964,2185,1319,3720,3839,764,340,102,2202,2356,702,1182
443,1782,1409,944,1625,1984,1927,2763,2538,1136,256,3320,998,1552,3397,2142,2901,1782,202,1316,443,2065,3739,1842,3838,3207,1661,32,3345,2129,2495,2185,795,1529,2847,305,854,2528,2778,1316
429,1362,104,1142,1433,580,2505,3272,204,3876,269,2863,1938,1741,3333,1539,1657,2964,1005,3743,3468,2916,1530,3331,2461,1484,492,1612,1712,478,508,1886,3633,904,2054,88,2770,1630,1991,1357
2585,2982,1379,1826,108,850,1059,2263,3633,726,1014,2320,3797,1462,3797,900,3115,2476,3151,2021,384,2081,2467,3169,2727,2396,2874,952,2228,2642,3384,1684,2528,1459,2310,2760,1767,3889,8,1248
3137,3095,816,550,1098,3268,1658,481,1426,824,2987,2108,1527,1443,367,3218,249,2787,3865,2142,839,3242,770,3587,749,934,1643,366,1906,839,881,1342,520,25,175,1792,3315,1823,30,2143
1167,1717,3274,2680,1750,2260,667,1821,1734,1256,2344,1738,993,1681,2446,904,634,1666,1098,2073,395,3229,1983,3490,753,1752,3203,882,2940,1332,1006,3612,41,1039,3229,3450,2913,2758,3264,1989
2951,2241,3010,3515,3209,3696,205,2188,1814,1411,3404,757,3594,2220,1258,2843,3197,3537,209,693,3851,2297,2720,433,1233,1816,1319,155,2488,171,1713,1639,107,1475,1651,1825,3178,3706,398,856
2326,2302,867,678,1596,106,1980,28,200,2383,3408,218,977,3520,3567,2451,93,2194,228,2080,1752,1854,3300,2452,20,3010,976,677,1968,1269,1207,1437,2746,2964,1778,3846,1136,1896,1636,3206
2606,513,2245,1917,3614,1300,2772,1512,3,3848,265,1629,1206,2427,3447,2178,3314,3462,2087,1859,2938,119,704,380,1698,288,3847,1737,3168,91,154,1002,1327,3879,346,1837,3004,632,3113,3194
2463,1173,2572,250,1842,2036,1222,3422,1114,3216,1551,3765,435,3148,3199,3469,1289,1973,2376,1055,590,130,2107,2297,865,3148,1953,2458,2673,2847,2102,3257,482,3639,759,573,1086,2723,2691,2528
3358,3315,3824,1976,1472,2932,650,583,3281,1175,3309,1537,550,1446,1484,3646,3674,4,2761,640,1590,416,1483,2162,3508,366,649,3614,1444,104,1702,1976,424,3411,599,2617,3362,480,1621,2539
225,3400,3358,3603,2083,2863,2557,195,3336,2317,3606,1560,1374,2034,1139,2272,2767,2281,3064,1222,1793,2010,1435,2179,1417,3822,2597,1728,2139,1812,2275,2395,1877,1311,1142,2597,3443,1796,3393,2476
809,1856,2837,921,2545,658,2053,3805,3456,1976,849,3804,1550,3073,1142,1171,88,731,1679,1640,2816,3582,1106,243,29,1371,1789,1533,2809,2246,1782,622,635,2201,948,1170,2177,3730,212,830
1512,3037,3830,808,3646,3411,2361,266,2259,3565,3064,596,3303,3420,1997,206,2294,666,2283,1864,2391,2766,2903,131,1696,2610,985,2440,339,1677,152,2979,817,1295,1566,1822,164,1369,389,948
1841,1373,3686,3058,582,3781,2885,1147,1473,123,1985,1653,3131,1643,1539,3020,3187,1816,1624,3725,281,663,2243,3551,1273,3342,3169,3229,1127,3891,2208,1432,992,2599,1606,257,751,2174,3016,1836
2387,856,3591,2387,334,1280,1885,3143,3620,1833,2042,1397,885,2647,2137,495,893,3708,176,2374,2650,1913,3374,3853,2944,1888,658,2854,386,441,2151,2480,1409,2753,401,3681,3343,2994,1957,1587
2361,1652,1240,2817,3855,3209,1252,478,2075,1648,1352,2077,2055,2674,1032,2782,3503,1576,597,1458,3387,1751,2764,37,1992,2080,183,2666,2862,3483,3419,3389,2201,777,1276,1593,3325,3654,528,2976
1827,3243,1693,933,2726,996,2725,2264,3850,1453,3088,3040,1473,1158,568,3869,1437,3675,3017,2888,210,2899,2606,2938,2024,382,3098,2188,3401,447,1187,1728,2621,1563,2032,3567,2943,1235,1705,1002
355,3044,3834,2060,2468,3439,327,1217,107,691,1582,2688,3331,3768,1127,1636,1674,2289,1437,1974,3811,2713,213,800,3129,2686,3705,914,2974,561,1841,3043,310,3746,215,1242,3620,3441,1030,2197
3455,2059,3553,493,3205,2682,1852,203,2094,272,1150,1793,777,2096,2798,2095,2885,912,1210,3495,3111,1062,854,3198,43,758,3469,1001,1929,911,1917,47,1685,784,3721,2542,1660,1651,1770,2304
2940,452,3334,3819,825,3163,1782,88,1417,59,613,3848,507,2832,718,269,1850,377,3710,3837,2042,1748,2918,428,3143,1931,723,3604,730,469,2218,2742,474,2161,3185,1793,266,1203,2117,3260
474,2832,1563,1529,906,762,991,3245,1259,1507,3360,2257,1168,2819,953,2085,1279,685,1209,2737,2980,2639,2374,3232,911,772,2302,1450,1201,1274,3376,764,1882,2626,2783,2057,1624,1151,518,2574
1492,1564,1231,3810,353,1867,3435,315,1965,1996,3353,486,2743,260,2858,3226,341,3053,555,2087,2347,1124,3459,802,3038,1940,2085,1784,3779,2218,79,294,3668,85,499,1301,1133,2658,2415,27
1245,1576,721,2757,1129,3074,1351,1585,3563,2166,2292,2474,2261,3162,1513,1351,285,801,3059,3353,50,3349,3323,1808,2403,2639,2787,2829,801,3366,11,3530,1626,3638,415,2918,3877,2268,2979,3407
219,2110,2411,3187,3382,590,2603,1600,2612,1207,486,2986,1684,354,1785,3049,24,3491,1941,881,825,3859,857,1928,894,3068,1053,2661,2849,1908,2538,343,1014,630,3901,1969,982,2883,2161,2170
3489,1913,795,1351,2585,641,2469,1785,2353,2175,1643,2987,1764,735,2914,283,127,1595,2295,741,537,354,81,479,3849,352,2248,285,3016,920,3595,3882,3089,775,944,2669,68,1972,2841,848
3498,2658,2987,2009,921,1856,748,1528,450,490,2916,2530,494,1781,3834,3633,2452,806,870,1742,2080,1126,1012,1016,3660,3110,1562,2342,3474,3607,657,2991,1927,586,370,2232,2763,3468,1457,1683
2767,3449,3561,1322,287,3063,3526,3196,1845,1951,3139,2745,2596,2847,2346,2614,1359,2537,1490,1343,3413,1058,994,1397,1104,2104,786,1471,138,24,1850,3615,1531,2100,1003,3204,3179,1804,3851,2
3854,3467,3679,1047,982,3306,341,1127,943,1247,999,108,332,773,1070,58,1613,276,2598,1593,383,2418,3007,1754,2330,2285,1096,2489,1037,267,1229,452,2036,3171,1351,3713,2141,3592,3399,1892
